customer_id,age,annual_income,tenure_months,monthly_spend,orders_last_12_months,satisfaction_score,complaints_last_year,support_calls,discount_pct,region,customer_segment,payment_method
CUST10001,44.0,118745.04,15.7,100.58,11,8.3,2.0,4,7.3,Port Harcourt,Professional,Bank Transfer
CUST10002,36.0,91458.17,2.0,40.52,9,5.3,1.0,3,2.6,Kano,Professional,Cash
CUST10003,46.0,56833.72,12.9,77.04,7,7.4,,2,1.3,Lagos,Professional,Bank Transfer
CUST10004,56.0,38533.11,3.5,92.81,7,6.4,1.0,4,14.7,Lagos,Business,Bank Transfer
CUST10005,35.0,80749.84,49.5,,10,5.1,0.0,3,6.4,Lagos,Family,Cash
CUST10006,35.0,68289.1,88.5,159.41,8,8.5,3.0,4,11.2,Abuja,Professional,Card
CUST10007,57.0,89989.18,2.3,93.93,8,8.3,2.0,2,21.5,Kano,Family,Card
CUST10008,47.0,77997.57,93.1,67.35,7,4.6,3.0,3,14.3,Kano,Business,USSD
CUST10009,32.0,97962.74,22.2,84.39,6,7.9,0.0,3,8.9,Port Harcourt,Student,Cash
CUST10010,45.0,40974.66,10.7,41.45,4,7.6,3.0,4,4.9,Lagos,Professional,Card
CUST10011,32.0,113511.02,2.4,83.18,8,8.5,2.0,2,14.6,Lagos,Business,Bank Transfer
CUST10012,32.0,61314.29,20.8,65.84,9,7.3,2.0,4,11.2,Lagos,Business,Bank Transfer
CUST10013,41.0,,47.5,111.68,10,9.6,,2,15.5,Lagos,Student,Bank Transfer
CUST10014,18.0,37648.0,36.8,74.21,13,6.8,2.0,3,0.0,Lagos,Student,USSD
CUST10015,18.0,142895.45,1.5,,11,6.5,3.0,4,18.8,Abuja,Professional,Card
CUST10016,31.0,61324.79,2.3,69.29,8,5.2,1.0,4,1.7,Lagos,Student,Cash
CUST10017,26.0,38438.26,15.5,129.71,11,5.3,0.0,4,9.1,Kano,Family,Card
CUST10018,42.0,42148.37,10.5,77.81,1,5.2,1.0,2,20.3,Kano,Student,Cash
CUST10019,27.0,46115.18,7.9,131.45,14,7.4,4.0,0,0.0,Port Harcourt,Student,Cash
CUST10020,21.0,69451.21,9.9,106.15,10,6.5,5.0,3,11.5,Lagos,Professional,Card
CUST10021,56.0,73324.35,48.8,100.96,9,7.6,3.0,2,10.4,Ibadan,Business,Bank Transfer
CUST10022,35.0,40116.92,79.4,100.57,10,4.8,2.0,3,11.8,Ibadan,Professional,Bank Transfer
CUST10023,39.0,54268.19,15.6,96.09,6,5.5,1.0,1,14.1,Lagos,Professional,Cash
CUST10024,21.0,178677.39,71.0,42.49,12,5.4,1.0,3,12.1,Kano,Business,Bank Transfer
CUST10025,31.0,142235.19,11.6,78.96,6,10.0,2.0,3,4.0,Ibadan,Family,USSD
CUST10026,39.0,69917.17,19.4,107.68,11,6.7,1.0,2,12.6,Port Harcourt,Professional,USSD
CUST10027,24.0,56161.7,7.7,84.39,7,6.9,0.0,0,11.9,Abuja,Professional,Cash
CUST10028,43.0,58753.48,30.7,52.33,7,6.9,0.0,5,11.6,Abuja,Professional,Bank Transfer
CUST10029,31.0,77074.16,115.9,92.96,7,9.8,2.0,4,24.5,Abuja,Professional,Cash
CUST10030,34.0,31336.93,27.8,129.82,3,4.1,0.0,2,20.0,Abuja,Professional,USSD
CUST10031,31.0,47740.31,13.3,117.24,5,6.9,2.0,2,23.0,Ibadan,Professional,USSD
CUST10032,60.0,,31.3,85.95,7,4.1,2.0,2,14.1,Kano,Student,USSD
CUST10033,38.0,68504.94,3.9,109.1,14,,1.0,2,22.7,Lagos,Professional,Card
CUST10034,25.0,,65.9,81.11,9,5.7,0.0,5,6.9,Port Harcourt,Professional,USSD
CUST10035,48.0,,21.0,,4,7.7,0.0,6,9.8,Port Harcourt,Student,Bank Transfer
CUST10036,23.0,130715.85,17.9,63.32,12,5.6,2.0,3,8.5,Lagos,Student,Card
CUST10037,41.0,28026.82,26.4,126.19,9,7.7,2.0,3,9.0,Abuja,Business,USSD
CUST10038,18.0,24579.85,29.4,80.5,5,7.2,0.0,1,12.2,Ibadan,Family,Bank Transfer
CUST10039,22.0,62226.55,2.2,79.09,5,6.7,2.0,2,13.2,Port Harcourt,Student,USSD
CUST10040,40.0,97830.58,34.4,80.26,7,9.3,1.0,4,14.6,Lagos,Family,Bank Transfer
CUST10041,47.0,138863.77,8.3,133.27,13,5.9,1.0,3,22.5,Lagos,Student,Bank Transfer
CUST10042,40.0,42731.95,37.5,128.65,10,7.7,2.0,2,2.9,Abuja,Family,USSD
CUST10043,37.0,99544.79,51.9,144.62,10,3.8,2.0,3,4.8,Port Harcourt,Family,USSD
CUST10044,34.0,53847.37,48.9,84.93,5,7.2,1.0,0,0.0,Abuja,Family,Card
CUST10045,20.0,50018.26,24.1,94.32,7,6.5,1.0,2,6.9,Port Harcourt,Family,USSD
CUST10046,29.0,89420.16,22.0,48.85,5,4.9,2.0,1,9.3,Lagos,Student,Bank Transfer
CUST10047,32.0,78736.81,4.6,122.29,11,7.7,0.0,3,7.8,Lagos,Family,Cash
CUST10048,51.0,23111.2,44.8,59.39,7,5.7,3.0,4,5.2,Port Harcourt,Student,Card
CUST10049,42.0,123894.5,9.5,91.18,9,10.0,3.0,5,12.5,Lagos,Professional,Bank Transfer
CUST10050,18.0,117493.55,20.6,59.22,7,2.6,1.0,1,9.7,Ibadan,Business,Bank Transfer
CUST10051,,,10.0,71.08,8,7.4,4.0,6,6.7,Lagos,Professional,Cash
CUST10052,33.0,68376.22,4.3,64.41,6,7.1,0.0,1,12.9,Port Harcourt,Business,USSD
CUST10053,30.0,72171.83,29.8,72.19,2,6.5,0.0,1,8.6,Abuja,Student,Bank Transfer
CUST10054,,63478.66,1.7,71.66,6,6.0,3.0,1,18.9,Abuja,Professional,Cash
CUST10055,50.0,40636.45,41.4,74.61,6,7.1,,2,11.0,Kano,Student,Cash
CUST10056,49.0,38013.46,11.5,106.75,12,8.9,1.0,5,9.9,Abuja,Family,USSD
CUST10057,28.0,54232.4,1.0,,5,4.0,2.0,3,13.6,Kano,Student,Cash
CUST10058,34.0,104829.39,21.5,92.23,5,5.5,4.0,3,0.0,Abuja,Student,Cash
CUST10059,42.0,74166.55,1.4,115.56,6,5.1,0.0,5,19.3,Port Harcourt,Professional,Cash
CUST10060,50.0,44857.7,9.7,72.95,6,5.0,1.0,4,16.7,Kano,Family,Cash
CUST10061,32.0,84079.89,36.8,70.0,9,7.6,,2,7.2,Port Harcourt,Student,Cash
CUST10062,36.0,11480.33,1.9,79.39,12,8.1,0.0,1,5.2,Port Harcourt,Business,Cash
CUST10063,25.0,103456.82,54.9,118.88,10,8.9,1.0,2,5.9,Kano,Student,Bank Transfer
CUST10064,24.0,21125.71,1.0,89.93,5,8.1,4.0,4,3.5,Ibadan,Student,Card
CUST10065,48.0,45059.81,8.5,72.4,10,8.2,4.0,2,1.8,Abuja,Professional,USSD
CUST10066,54.0,29710.92,40.5,100.34,12,4.5,2.0,3,3.3,Port Harcourt,Business,Card
CUST10067,37.0,26984.39,11.4,58.36,4,9.7,0.0,4,0.0,Lagos,Student,USSD
CUST10068,50.0,104145.39,3.2,102.29,8,6.6,1.0,5,9.8,Abuja,Student,Card
CUST10069,42.0,42525.23,13.4,96.29,8,8.9,0.0,0,11.2,Abuja,Family,USSD
CUST10070,30.0,66547.12,9.5,78.06,7,4.5,0.0,5,19.7,Ibadan,Professional,Cash
CUST10071,42.0,53598.81,55.5,68.47,6,6.6,1.0,7,17.9,Abuja,Family,Card
CUST10072,56.0,71500.59,11.3,63.74,6,8.7,2.0,3,7.6,Kano,Professional,Card
CUST10073,38.0,57373.65,46.7,102.1,8,7.1,2.0,3,10.5,Lagos,Professional,USSD
CUST10074,57.0,27158.43,66.7,121.06,9,,5.0,2,18.6,Abuja,Professional,USSD
CUST10075,18.0,95133.38,17.1,70.43,11,9.4,5.0,5,9.3,Ibadan,Professional,Bank Transfer
CUST10076,48.0,41920.17,72.2,102.24,11,4.9,3.0,2,13.0,Lagos,Family,Cash
CUST10077,39.0,23364.39,14.2,33.96,6,7.0,2.0,5,8.4,Lagos,Family,Cash
CUST10078,34.0,43461.25,99.8,78.37,8,8.2,3.0,2,12.2,Abuja,Professional,Bank Transfer
CUST10079,39.0,125555.9,2.8,84.45,10,10.0,1.0,1,12.5,Kano,Business,USSD
CUST10080,18.0,87790.66,34.8,65.05,6,6.2,1.0,3,9.9,Abuja,Professional,Cash
CUST10081,35.0,45402.83,20.4,,7,6.5,3.0,3,18.4,Abuja,Professional,USSD
CUST10082,42.0,45387.71,14.7,69.48,6,6.2,2.0,2,6.8,Port Harcourt,Family,Cash
CUST10083,56.0,46082.53,30.0,94.71,8,7.4,0.0,5,12.7,Lagos,Family,Card
CUST10084,32.0,172352.98,36.5,83.24,8,8.1,0.0,2,22.7,Kano,Student,Card
CUST10085,28.0,67856.67,1.0,29.12,13,9.0,1.0,8,13.9,Lagos,Family,Cash
CUST10086,32.0,69676.01,5.5,,5,8.4,1.0,4,7.2,Abuja,Professional,Cash
CUST10087,49.0,96930.0,37.5,72.82,9,6.1,3.0,6,14.1,Port Harcourt,Family,Cash
CUST10088,42.0,62719.18,32.9,99.08,8,8.5,1.0,4,26.6,Ibadan,Business,Bank Transfer
CUST10089,32.0,47696.59,101.5,24.43,11,7.2,2.0,1,12.2,Kano,Family,Cash
CUST10090,44.0,49369.89,42.9,75.94,7,8.3,2.0,6,16.8,Kano,Student,Bank Transfer
CUST10091,39.0,52876.16,90.3,79.07,8,8.4,3.0,5,12.0,Abuja,Family,Bank Transfer
CUST10092,50.0,53885.47,36.4,122.62,4,9.9,1.0,8,13.7,Lagos,Family,Card
CUST10093,30.0,82066.46,10.6,76.22,7,6.4,1.0,2,11.5,Lagos,Professional,Cash
CUST10094,34.0,56594.03,3.3,94.84,8,6.0,0.0,2,5.9,Ibadan,Professional,Card
CUST10095,33.0,82292.93,45.7,92.19,12,7.8,2.0,5,14.2,Ibadan,Business,Card
CUST10096,20.0,52611.73,31.0,34.22,8,9.1,0.0,4,4.7,Ibadan,Professional,Bank Transfer
CUST10097,42.0,57430.9,1.5,104.32,7,7.1,3.0,4,10.1,Lagos,Professional,USSD
CUST10098,41.0,18326.04,13.4,91.46,9,9.2,1.0,5,23.5,Port Harcourt,Professional,Bank Transfer
CUST10099,38.0,91041.31,94.3,,9,8.2,0.0,3,11.6,Port Harcourt,Family,Card
CUST10100,35.0,66546.56,20.8,739.29,10,6.6,3.0,3,6.5,Kano,Business,Bank Transfer
CUST10101,21.0,95224.64,17.0,,4,8.0,3.0,6,13.4,Port Harcourt,Family,Bank Transfer
CUST10102,33.0,11182.98,18.4,129.59,5,6.2,2.0,2,8.7,Kano,Professional,Bank Transfer
CUST10103,34.0,173458.66,7.0,78.38,10,7.4,0.0,3,12.7,Abuja,Family,Cash
CUST10104,28.0,,13.8,93.29,13,5.1,0.0,3,4.9,Lagos,Family,Bank Transfer
CUST10105,36.0,,13.9,84.97,13,6.9,1.0,2,16.7,Lagos,Family,Card
CUST10106,43.0,31043.36,1.6,74.52,7,8.8,2.0,1,12.7,Lagos,Student,Bank Transfer
CUST10107,61.0,77042.62,43.8,74.26,8,,1.0,1,6.0,Abuja,Family,Cash
CUST10108,40.0,30813.55,16.2,94.53,6,8.1,2.0,2,14.2,Lagos,Professional,Card
CUST10109,41.0,,51.8,51.22,10,7.5,0.0,2,23.6,Abuja,Student,Bank Transfer
CUST10110,37.0,157598.46,57.0,108.32,8,7.3,4.0,1,7.2,Port Harcourt,Family,Card
CUST10111,18.0,49524.02,7.1,75.17,5,4.7,2.0,0,16.5,Ibadan,Business,Cash
CUST10112,38.0,61986.79,32.1,59.32,10,6.6,,2,14.5,Ibadan,Professional,USSD
CUST10113,39.0,88754.17,19.2,75.28,13,7.3,1.0,8,14.4,Lagos,Business,Cash
CUST10114,68.0,72237.42,63.6,,3,5.0,1.0,4,17.4,Lagos,Student,Cash
CUST10115,36.0,59743.69,7.3,72.2,10,3.8,2.0,3,10.3,Lagos,Family,Card
CUST10116,,67226.11,34.0,96.68,1,9.0,2.0,4,12.9,Ibadan,Student,Card
CUST10117,38.0,206275.32,28.1,68.97,5,7.1,3.0,4,12.6,Port Harcourt,Professional,USSD
CUST10118,24.0,53284.36,10.5,104.79,10,7.4,0.0,1,6.9,Lagos,Family,USSD
CUST10119,52.0,61432.42,4.4,102.49,13,8.0,1.0,6,14.8,Ibadan,Family,USSD
CUST10120,47.0,98022.11,31.6,133.75,11,5.2,2.0,2,9.8,Abuja,Family,Cash
CUST10121,47.0,808203.59,40.3,83.83,6,6.3,1.0,1,23.0,Ibadan,Family,Cash
CUST10122,27.0,105657.2,11.4,102.63,9,9.7,2.0,7,9.0,Lagos,Family,USSD
CUST10123,55.0,78150.37,31.1,89.94,11,6.1,2.0,3,4.1,Abuja,Business,USSD
CUST10124,21.0,29332.04,15.1,118.6,8,6.5,1.0,3,18.7,Abuja,Professional,USSD
CUST10125,45.0,135060.19,37.5,70.03,6,5.8,1.0,5,7.5,Ibadan,Professional,Bank Transfer
CUST10126,,29278.2,6.7,104.16,4,5.7,1.0,2,4.7,Ibadan,Student,Bank Transfer
CUST10127,26.0,,66.3,85.43,10,9.0,1.0,2,14.3,Port Harcourt,Professional,USSD
CUST10128,31.0,36324.1,10.2,84.21,13,2.5,4.0,1,20.0,Lagos,Family,Cash
CUST10129,39.0,53093.64,13.8,88.39,6,6.2,2.0,3,16.4,Abuja,Student,Card
CUST10130,32.0,65900.93,1.8,91.45,6,7.4,3.0,2,8.6,Ibadan,Student,Cash
CUST10131,19.0,65633.07,3.5,82.38,8,10.0,0.0,8,12.8,Port Harcourt,Student,Card
CUST10132,39.0,69365.5,21.8,92.11,8,5.0,1.0,0,10.3,Kano,Family,USSD
CUST10133,25.0,133603.22,9.3,125.2,10,4.6,1.0,5,22.0,Abuja,Professional,Bank Transfer
CUST10134,44.0,70582.13,54.1,113.97,7,5.5,1.0,1,9.4,Port Harcourt,Student,Bank Transfer
CUST10135,27.0,48088.69,1.0,106.81,8,8.3,2.0,4,12.6,Abuja,Family,Card
CUST10136,57.0,93464.45,14.3,74.76,8,7.2,1.0,2,13.0,Kano,Family,USSD
CUST10137,29.0,105799.09,12.3,63.76,13,4.4,,4,5.0,Ibadan,Professional,Bank Transfer
CUST10138,34.0,27998.44,1.0,108.96,8,,1.0,4,10.8,Abuja,Family,USSD
CUST10139,48.0,76393.93,4.0,107.22,6,9.8,2.0,3,10.9,Abuja,Student,USSD
CUST10140,23.0,80880.94,16.0,123.1,9,7.5,,2,20.3,Abuja,Business,Card
CUST10141,41.0,46696.69,20.4,71.53,6,7.3,2.0,1,13.2,Lagos,Professional,USSD
CUST10142,54.0,117210.55,15.5,80.5,7,7.4,2.0,2,9.7,Ibadan,Business,USSD
CUST10143,19.0,50643.08,22.7,183.32,6,7.7,2.0,1,11.1,Lagos,Business,Card
CUST10144,40.0,58932.94,27.1,77.36,12,4.7,4.0,2,11.6,Kano,Family,Bank Transfer
CUST10145,41.0,50006.03,1.0,109.99,4,6.6,1.0,1,11.8,Kano,Student,Cash
CUST10146,47.0,55473.29,18.7,74.83,7,6.7,2.0,1,17.6,Kano,Family,USSD
CUST10147,23.0,30095.69,99.3,108.96,6,6.1,1.0,3,17.9,Ibadan,Student,Card
CUST10148,22.0,24910.89,22.0,81.99,10,8.2,3.0,1,6.1,Port Harcourt,Business,Bank Transfer
CUST10149,44.0,132199.34,34.0,95.82,3,5.9,1.0,3,18.4,Ibadan,Family,USSD
CUST10150,42.0,34518.81,11.2,57.2,7,6.4,4.0,2,16.5,Lagos,Business,Cash
CUST10151,41.0,31882.82,44.6,90.7,6,4.7,0.0,3,11.7,Port Harcourt,Family,Bank Transfer
CUST10152,42.0,16826.73,44.5,20.0,7,7.7,2.0,2,3.2,Kano,Professional,Card
CUST10153,30.0,38702.5,22.1,82.1,5,8.7,0.0,4,13.3,Lagos,Professional,USSD
CUST10154,41.0,26566.04,111.9,53.19,10,6.4,2.0,1,9.9,Kano,Professional,Card
CUST10155,42.0,135699.32,4.0,115.47,8,8.5,2.0,3,15.3,Kano,Professional,Cash
CUST10156,29.0,95845.03,1.0,104.52,6,6.7,0.0,3,15.9,Ibadan,Family,Cash
CUST10157,60.0,37669.49,44.1,100.2,7,2.5,3.0,4,19.9,Lagos,Business,Card
CUST10158,44.0,189838.34,49.4,126.98,6,6.9,4.0,4,5.6,Port Harcourt,Family,USSD
CUST10159,24.0,94377.64,3.8,61.58,14,6.7,,4,24.8,Lagos,Business,Card
CUST10160,46.0,46001.59,9.3,129.42,9,,2.0,3,17.4,Kano,Business,Bank Transfer
CUST10161,26.0,13910.72,1.0,108.38,7,7.5,2.0,4,16.3,Abuja,Professional,Card
CUST10162,47.0,193901.75,10.4,79.92,8,5.8,0.0,5,23.5,Port Harcourt,Professional,Cash
CUST10163,52.0,25612.19,44.5,116.95,8,9.6,1.0,3,13.9,Abuja,Family,USSD
CUST10164,28.0,,21.9,59.09,12,6.9,1.0,3,18.2,Lagos,Professional,USSD
CUST10165,50.0,96519.68,12.8,,10,6.6,3.0,2,13.0,Lagos,Student,Cash
CUST10166,43.0,210439.25,13.9,70.9,11,,0.0,3,17.0,Lagos,Professional,Cash
CUST10167,48.0,117764.07,1.0,71.86,9,7.0,3.0,4,19.0,Port Harcourt,Business,Bank Transfer
CUST10168,61.0,74999.63,10.7,59.44,5,10.0,0.0,2,18.4,Ibadan,Student,Cash
CUST10169,35.0,76282.84,31.2,118.07,6,6.6,2.0,7,2.9,Lagos,Family,Cash
CUST10170,29.0,87945.01,109.7,87.31,8,7.6,2.0,4,9.5,Lagos,Business,Cash
CUST10171,27.0,83491.42,56.3,98.32,6,5.7,2.0,2,19.0,Abuja,Family,USSD
CUST10172,28.0,64199.05,1.0,70.82,10,8.6,1.0,2,15.0,Kano,Family,Cash
CUST10173,37.0,58244.16,68.6,44.98,10,7.6,0.0,1,11.7,Lagos,Family,Card
CUST10174,42.0,53138.78,45.9,95.42,7,6.4,4.0,2,15.0,Lagos,Professional,Card
CUST10175,41.0,36330.32,45.5,40.83,8,5.4,0.0,3,5.4,Lagos,Student,USSD
CUST10176,48.0,47132.46,18.4,,12,4.6,2.0,6,16.7,Abuja,Business,Bank Transfer
CUST10177,38.0,21676.03,15.2,52.01,8,7.8,0.0,5,14.2,Lagos,Professional,Bank Transfer
CUST10178,55.0,52104.24,10.8,135.55,8,4.5,0.0,3,12.5,Abuja,Family,USSD
CUST10179,35.0,31931.98,2.0,107.95,12,9.4,4.0,2,10.9,Kano,Family,Card
CUST10180,71.0,29974.86,7.8,88.27,5,4.7,2.0,4,13.4,Port Harcourt,Student,USSD
CUST10181,46.0,60720.11,8.5,117.27,6,6.7,1.0,2,10.4,Lagos,Business,Cash
CUST10182,28.0,118265.78,19.9,65.43,9,5.4,1.0,3,10.1,Port Harcourt,Family,USSD
CUST10183,25.0,91140.96,41.3,101.89,8,7.1,1.0,4,22.7,Abuja,Student,Bank Transfer
CUST10184,44.0,23186.21,19.3,91.54,13,7.0,0.0,1,2.5,Ibadan,Business,Card
CUST10185,35.0,31913.77,1.8,91.74,5,7.8,3.0,9,2.6,Lagos,Family,Bank Transfer
CUST10186,47.0,92273.53,95.0,124.41,8,4.3,0.0,4,16.7,Kano,Professional,Bank Transfer
CUST10187,44.0,32039.36,85.8,110.18,4,5.6,0.0,3,4.7,Kano,Family,Card
CUST10188,37.0,48607.85,46.1,95.91,3,8.7,2.0,3,0.0,Lagos,Student,Cash
CUST10189,28.0,74430.2,120.0,53.23,13,8.2,4.0,2,18.1,Ibadan,Family,Card
CUST10190,20.0,32289.55,23.6,62.89,6,2.5,1.0,2,19.6,Abuja,Student,Card
CUST10191,33.0,58281.79,98.7,89.83,7,7.7,1.0,4,4.2,Port Harcourt,Family,USSD
CUST10192,48.0,26406.74,2.4,87.52,10,5.1,,2,1.2,Lagos,Family,Card
CUST10193,41.0,39511.07,13.7,57.84,7,5.9,0.0,2,4.7,Lagos,Business,USSD
CUST10194,23.0,65576.23,7.7,145.9,8,6.6,3.0,2,7.8,Port Harcourt,Family,Bank Transfer
CUST10195,40.0,,6.5,123.43,8,9.8,0.0,3,23.5,Lagos,Professional,Card
CUST10196,43.0,70076.98,4.6,100.42,7,5.1,1.0,2,9.4,Abuja,Business,Cash
CUST10197,27.0,54409.15,29.2,89.14,8,4.5,2.0,3,17.0,Abuja,Family,USSD
CUST10198,40.0,74530.07,45.6,83.34,8,7.8,2.0,3,16.3,Port Harcourt,Family,USSD
CUST10199,,62208.15,25.9,63.27,9,6.9,1.0,3,19.9,Abuja,Student,Cash
CUST10200,24.0,116467.29,4.8,87.32,6,9.2,,3,8.2,Lagos,Business,USSD
CUST10201,42.0,58921.54,50.0,95.44,8,6.4,3.0,4,11.9,Port Harcourt,Business,USSD
CUST10202,45.0,43430.42,30.3,56.38,11,9.2,2.0,6,10.7,Abuja,Family,Cash
CUST10203,51.0,58826.76,14.7,94.53,12,7.0,2.0,2,15.2,Abuja,Business,Bank Transfer
CUST10204,51.0,74154.23,33.6,83.81,7,8.0,3.0,3,19.3,Lagos,Professional,Card
CUST10205,21.0,56498.06,9.0,38.03,9,9.9,3.0,5,25.1,Lagos,Business,Card
CUST10206,27.0,56241.71,12.7,64.51,6,6.7,1.0,1,9.7,Lagos,Professional,Card
CUST10207,44.0,37383.81,74.8,80.65,9,8.9,3.0,4,12.8,Ibadan,Student,Card
CUST10208,44.0,38196.26,10.3,133.02,5,5.9,1.0,3,17.2,Abuja,Family,Card
CUST10209,44.0,25429.26,19.0,100.44,13,7.4,3.0,6,15.7,Lagos,Family,Card
CUST10210,75.0,143969.34,66.3,56.91,12,4.4,1.0,3,22.3,Lagos,Professional,USSD
CUST10211,45.0,27749.24,36.9,100.1,8,6.1,3.0,1,11.4,Lagos,Student,Card
CUST10212,52.0,37571.11,1.9,46.47,8,5.1,2.0,4,9.6,Port Harcourt,Professional,USSD
CUST10213,49.0,,4.8,112.45,5,9.2,3.0,3,20.3,Lagos,Professional,Cash
CUST10214,,89975.88,1.0,73.3,9,10.0,0.0,2,13.8,Abuja,Student,Bank Transfer
CUST10215,34.0,46763.87,29.9,85.05,3,6.4,0.0,4,15.2,Abuja,Professional,USSD
CUST10216,47.0,109244.81,17.8,119.57,8,5.6,1.0,6,11.6,Kano,Professional,Bank Transfer
CUST10217,29.0,37974.44,4.3,53.17,10,4.6,1.0,3,17.6,Abuja,Business,Cash
CUST10218,35.0,64121.52,95.1,57.68,8,7.5,1.0,6,6.8,Abuja,Family,Card
CUST10219,32.0,34740.02,22.6,72.22,13,5.9,2.0,5,9.3,Kano,Professional,Bank Transfer
CUST10220,39.0,178960.52,8.3,111.62,3,6.0,1.0,2,0.0,Abuja,Business,Bank Transfer
CUST10221,66.0,28621.38,20.8,48.68,9,9.9,1.0,4,8.2,Kano,Family,Cash
CUST10222,18.0,65217.94,34.1,20.0,4,6.5,3.0,1,17.6,Port Harcourt,Professional,Cash
CUST10223,46.0,77937.75,2.4,,12,8.1,1.0,4,12.3,Abuja,Professional,Cash
CUST10224,19.0,69056.34,9.6,99.56,8,7.1,2.0,1,6.5,Abuja,Professional,USSD
CUST10225,32.0,49671.18,49.3,118.95,6,4.6,3.0,2,20.6,Ibadan,Professional,USSD
CUST10226,51.0,,18.5,74.9,8,3.7,2.0,5,12.8,Port Harcourt,Professional,Bank Transfer
CUST10227,39.0,56341.39,23.7,76.61,8,7.9,1.0,1,22.2,Ibadan,Professional,Cash
CUST10228,25.0,50728.21,17.0,115.21,7,10.0,0.0,4,17.1,Lagos,Professional,Bank Transfer
CUST10229,29.0,93453.75,1.3,38.36,9,7.6,4.0,1,13.1,Abuja,Family,Card
CUST10230,46.0,185512.23,5.4,75.72,9,8.1,1.0,3,23.0,Ibadan,Professional,Cash
CUST10231,29.0,40476.14,17.7,91.18,6,5.4,0.0,2,9.8,Abuja,Family,USSD
CUST10232,41.0,25892.19,7.0,96.79,5,8.8,2.0,4,5.4,Ibadan,Family,Cash
CUST10233,39.0,52393.27,1.5,72.38,7,8.8,1.0,3,21.6,Lagos,Business,Bank Transfer
CUST10234,30.0,227277.86,55.7,90.31,8,5.7,3.0,5,15.6,Ibadan,Professional,USSD
CUST10235,64.0,35350.49,119.2,32.33,8,8.0,1.0,6,20.4,Abuja,Business,Card
CUST10236,46.0,135483.17,47.3,72.33,7,3.8,1.0,4,17.3,Lagos,Business,Card
CUST10237,18.0,138389.01,57.7,100.95,8,8.3,0.0,5,21.9,Ibadan,Family,Bank Transfer
CUST10238,40.0,40563.14,8.3,61.11,5,6.0,1.0,7,8.9,Lagos,Family,Cash
CUST10239,30.0,75209.22,97.0,94.24,12,4.8,0.0,2,10.9,Lagos,Student,Card
CUST10240,,134686.7,6.6,96.7,7,7.7,2.0,4,10.8,Lagos,Business,Bank Transfer
CUST10241,28.0,44648.15,90.7,83.7,10,3.8,1.0,6,10.9,Port Harcourt,Student,USSD
CUST10242,37.0,49173.95,120.0,98.86,5,7.6,1.0,3,2.6,Ibadan,Family,USSD
CUST10243,44.0,39941.21,37.3,63.92,8,5.0,1.0,7,13.0,Lagos,Professional,Bank Transfer
CUST10244,48.0,31475.74,119.1,89.36,6,4.6,2.0,6,16.7,Abuja,Professional,Cash
CUST10245,24.0,38483.54,25.3,102.28,6,7.1,1.0,3,7.9,Lagos,Family,Cash
CUST10246,34.0,28054.98,9.0,89.65,11,6.7,1.0,1,6.5,Kano,Business,Cash
CUST10247,32.0,56040.75,17.2,71.72,10,9.6,1.0,2,11.2,Lagos,Professional,Cash
CUST10248,30.0,36011.84,27.0,92.77,9,4.7,2.0,4,16.7,Lagos,Business,Bank Transfer
CUST10249,59.0,62546.82,2.3,103.05,9,9.5,0.0,4,5.5,Lagos,Family,Bank Transfer
CUST10250,43.0,186985.7,29.2,,9,5.0,3.0,5,26.0,Port Harcourt,Student,USSD
CUST10251,23.0,65977.73,119.2,123.51,5,8.7,1.0,4,4.2,Ibadan,Professional,USSD
CUST10252,49.0,86988.34,6.3,77.1,11,9.0,1.0,4,8.6,Abuja,Family,Cash
CUST10253,63.0,18371.1,47.2,99.41,7,7.6,1.0,2,18.8,Lagos,Student,Card
CUST10254,50.0,67563.26,71.5,120.65,6,5.6,3.0,6,17.8,Port Harcourt,Professional,Card
CUST10255,20.0,108045.36,86.3,57.61,5,4.3,3.0,1,17.3,Kano,Student,USSD
CUST10256,32.0,28276.49,96.7,75.0,10,3.5,0.0,1,7.9,Lagos,Professional,USSD
CUST10257,53.0,,22.1,,8,10.0,0.0,7,9.0,Lagos,Family,Bank Transfer
CUST10258,30.0,69254.88,113.6,,10,6.5,2.0,3,6.9,Lagos,Professional,USSD
CUST10259,43.0,37321.76,42.5,131.77,9,5.0,,3,10.1,Kano,Student,USSD
CUST10260,47.0,,5.3,,10,4.9,1.0,1,14.3,Port Harcourt,Professional,Cash
CUST10261,27.0,74769.72,19.4,72.67,9,7.3,0.0,2,6.8,Port Harcourt,Professional,Card
CUST10262,37.0,57347.9,38.0,93.15,9,,0.0,1,1.5,Lagos,Student,Card
CUST10263,18.0,73969.21,8.5,55.63,11,3.5,1.0,1,19.0,Abuja,Family,Bank Transfer
CUST10264,26.0,33147.35,30.7,77.56,10,8.6,0.0,2,10.9,Ibadan,Family,Card
CUST10265,35.0,60369.36,33.0,,7,7.6,0.0,3,16.5,Lagos,Student,Cash
CUST10266,23.0,25274.35,5.3,77.1,9,10.0,0.0,2,10.1,Ibadan,Professional,Cash
CUST10267,58.0,51736.26,25.0,84.66,9,9.1,2.0,7,15.3,Port Harcourt,Professional,Bank Transfer
CUST10268,,33454.42,44.3,75.31,100,1.4,1.0,4,26.0,Lagos,Professional,USSD
CUST10269,33.0,36700.55,20.7,48.8,11,9.6,0.0,4,5.1,Abuja,Family,USSD
CUST10270,40.0,108547.13,1.0,93.12,9,9.2,1.0,3,7.3,Ibadan,Professional,Cash
CUST10271,55.0,100238.64,1.0,128.95,5,5.7,4.0,4,6.6,Abuja,Professional,Bank Transfer
CUST10272,21.0,76888.72,13.2,86.52,2,6.2,1.0,4,24.6,Ibadan,Family,Cash
CUST10273,52.0,30161.35,78.2,96.89,6,7.7,1.0,7,11.9,Lagos,Student,Card
CUST10274,38.0,46215.19,7.8,102.94,6,5.2,2.0,4,17.3,Port Harcourt,Family,Card
CUST10275,26.0,107182.92,30.2,55.68,6,6.6,1.0,4,0.0,Ibadan,Professional,Cash
CUST10276,44.0,59458.43,7.5,128.17,8,8.8,3.0,1,14.2,Ibadan,Professional,USSD
CUST10277,40.0,196952.86,11.6,90.99,7,7.9,0.0,1,9.8,Abuja,Family,Card
CUST10278,31.0,68282.81,56.5,130.32,7,5.8,1.0,1,20.3,Port Harcourt,Family,Bank Transfer
CUST10279,39.0,61127.4,39.2,69.81,6,8.8,0.0,5,16.0,Lagos,Professional,USSD
CUST10280,33.0,46400.91,3.0,130.69,8,7.5,2.0,6,9.5,Lagos,Family,Card
CUST10281,39.0,59191.66,16.8,105.72,9,7.5,0.0,3,21.5,Lagos,Business,Cash
CUST10282,46.0,50575.88,1.0,98.91,8,6.1,1.0,6,22.0,Lagos,Business,USSD
CUST10283,57.0,,19.7,92.42,7,7.0,2.0,7,21.0,Lagos,Family,USSD
CUST10284,23.0,93085.6,32.6,81.39,12,5.6,0.0,2,16.6,Abuja,Business,Card
CUST10285,64.0,35696.01,3.8,115.32,8,3.5,0.0,3,10.3,Ibadan,Student,Bank Transfer
CUST10286,18.0,26447.33,10.2,89.33,6,6.5,2.0,3,13.4,Port Harcourt,Family,Card
CUST10287,36.0,20033.79,15.2,37.04,100,6.8,0.0,2,9.5,Abuja,Professional,Card
CUST10288,45.0,72728.14,75.6,63.12,7,7.2,0.0,2,13.3,Ibadan,Student,Card
CUST10289,41.0,29978.53,120.0,89.95,8,9.2,2.0,1,8.4,Lagos,Family,Card
CUST10290,31.0,16831.35,1.4,92.86,9,5.8,3.0,2,11.0,Abuja,Family,Card
CUST10291,36.0,68105.05,42.9,,7,6.3,0.0,4,24.9,Port Harcourt,Professional,Cash
CUST10292,32.0,216693.28,13.9,116.59,7,8.4,0.0,1,13.9,Lagos,Family,Card
CUST10293,31.0,54816.66,15.0,37.42,6,5.6,3.0,5,9.4,Kano,Professional,Bank Transfer
CUST10294,48.0,87226.06,42.1,91.96,7,7.3,1.0,3,5.4,Lagos,Professional,USSD
CUST10295,42.0,57531.89,75.2,45.57,10,6.3,1.0,3,11.4,Lagos,Professional,Cash
CUST10296,30.0,,90.4,111.23,10,6.6,0.0,3,16.5,Lagos,Professional,Bank Transfer
CUST10297,49.0,91179.06,25.8,84.7,7,8.4,1.0,4,12.8,Ibadan,Professional,Card
CUST10298,42.0,46884.27,13.3,96.55,10,6.3,1.0,0,11.7,Port Harcourt,Family,Bank Transfer
CUST10299,48.0,63713.66,46.5,67.12,6,8.4,3.0,4,14.6,Port Harcourt,Student,USSD
CUST10300,46.0,65645.36,8.7,117.68,8,3.5,4.0,6,14.4,Port Harcourt,Student,Bank Transfer
CUST10301,28.0,38087.4,24.9,113.04,7,4.4,1.0,4,16.2,Lagos,Family,Card
CUST10302,31.0,94912.6,13.3,100.65,7,2.8,3.0,1,16.4,Port Harcourt,Family,USSD
CUST10303,47.0,49954.14,32.1,84.33,8,4.9,1.0,3,11.5,Abuja,Professional,Card
CUST10304,45.0,36294.76,8.2,100.16,9,10.0,1.0,0,11.2,Lagos,Student,Card
CUST10305,38.0,73877.89,6.4,67.84,9,7.0,1.0,5,12.0,Port Harcourt,Professional,Cash
CUST10306,39.0,33554.66,75.1,112.4,10,5.7,2.0,3,15.4,Lagos,Family,USSD
CUST10307,53.0,55859.12,3.2,126.49,7,8.4,0.0,2,18.7,Lagos,Business,USSD
CUST10308,31.0,54724.84,21.2,113.46,4,8.7,1.0,4,10.0,Kano,Family,Card
CUST10309,45.0,99940.57,7.5,67.36,6,4.8,2.0,4,11.0,Port Harcourt,Student,Bank Transfer
CUST10310,36.0,71408.52,1.2,94.13,7,10.0,1.0,6,7.1,Port Harcourt,Family,USSD
CUST10311,,54248.12,1.1,52.76,6,7.5,3.0,3,3.0,Abuja,Professional,Bank Transfer
CUST10312,51.0,,5.8,99.77,10,7.7,1.0,2,4.6,Abuja,Professional,Bank Transfer
CUST10313,48.0,118149.09,60.5,101.1,7,7.9,2.0,0,6.0,Port Harcourt,Professional,USSD
CUST10314,48.0,74748.48,10.0,39.05,15,,1.0,3,8.0,Kano,Family,Bank Transfer
CUST10315,54.0,55314.06,90.1,63.17,5,5.9,0.0,3,14.8,Abuja,Family,USSD
CUST10316,38.0,26730.98,26.1,80.01,5,10.0,0.0,4,5.6,Ibadan,Family,Cash
CUST10317,46.0,30615.94,17.2,78.86,6,6.5,1.0,3,12.1,Ibadan,Family,USSD
CUST10318,34.0,46500.34,26.0,,8,8.7,1.0,4,17.0,Abuja,Professional,USSD
CUST10319,,39334.48,21.8,96.47,13,6.1,0.0,1,7.0,Ibadan,Professional,USSD
CUST10320,36.0,49625.21,42.7,94.7,8,5.8,1.0,0,9.0,Port Harcourt,Family,Cash
CUST10321,39.0,56740.64,10.0,80.94,6,10.0,2.0,3,4.1,Abuja,Family,Bank Transfer
CUST10322,45.0,73601.41,13.1,67.15,13,6.8,1.0,2,6.3,Lagos,Family,Cash
CUST10323,28.0,52908.23,67.4,116.61,5,6.9,3.0,3,20.2,Port Harcourt,Professional,Bank Transfer
CUST10324,63.0,71873.6,87.8,133.41,7,7.5,3.0,2,15.0,Ibadan,Family,USSD
CUST10325,26.0,56985.34,66.9,,6,10.0,0.0,3,24.9,Kano,Professional,USSD
CUST10326,23.0,18556.62,16.3,71.0,6,10.0,1.0,3,7.6,Kano,Family,Cash
CUST10327,52.0,32808.86,45.5,100.92,7,9.3,1.0,0,21.1,Lagos,Professional,Cash
CUST10328,47.0,50809.59,19.4,77.6,8,10.0,0.0,1,7.6,Abuja,Business,Cash
CUST10329,45.0,28275.65,20.6,83.17,6,5.3,0.0,2,9.0,Lagos,Student,Cash
CUST10330,46.0,76500.25,6.9,104.04,9,8.2,1.0,4,28.3,Lagos,Family,USSD
CUST10331,38.0,127644.13,26.8,39.41,7,7.1,0.0,3,7.0,Port Harcourt,Family,USSD
CUST10332,27.0,107517.35,6.2,118.45,6,3.8,2.0,0,21.5,Abuja,Student,Card
CUST10333,39.0,,12.1,87.78,6,7.8,1.0,5,11.8,Port Harcourt,Student,Cash
CUST10334,30.0,124864.93,57.9,,6,6.1,2.0,3,5.5,Abuja,Family,Cash
CUST10335,50.0,59686.17,7.0,83.33,5,9.8,5.0,2,3.4,Lagos,Student,Bank Transfer
CUST10336,36.0,45692.58,2.2,84.24,7,6.3,1.0,2,12.6,Lagos,Professional,Bank Transfer
CUST10337,28.0,39250.4,2.1,41.89,4,6.2,1.0,2,5.3,Ibadan,Business,USSD
CUST10338,34.0,46570.85,84.8,129.16,12,9.8,2.0,1,10.2,Lagos,Family,Card
CUST10339,43.0,44426.49,21.2,87.73,6,6.9,0.0,0,0.6,Lagos,Professional,Cash
CUST10340,31.0,60404.41,15.8,97.34,10,,2.0,5,14.1,Ibadan,Family,Card
CUST10341,28.0,60078.31,50.0,112.79,4,7.8,1.0,5,2.7,Ibadan,Family,Card
CUST10342,41.0,55092.22,54.2,63.81,8,7.8,1.0,0,11.6,Kano,Business,USSD
CUST10343,41.0,69940.8,12.1,97.81,2,6.6,1.0,1,3.7,Lagos,Family,Card
CUST10344,32.0,105867.53,35.5,81.15,6,7.9,1.0,2,19.4,Lagos,Business,Cash
CUST10345,32.0,92720.35,44.2,109.71,9,6.8,1.0,2,0.0,Ibadan,Professional,USSD
CUST10346,41.0,24303.96,31.9,34.37,6,5.6,1.0,4,10.3,Kano,Family,Card
CUST10347,21.0,,4.9,82.92,10,6.8,1.0,2,15.4,Port Harcourt,Student,USSD
CUST10348,21.0,,62.6,74.94,6,9.3,,5,14.2,Lagos,Student,USSD
CUST10349,29.0,25933.87,23.2,97.67,8,8.0,1.0,3,4.5,Lagos,Family,Bank Transfer
CUST10350,35.0,48604.31,10.0,97.55,3,8.4,0.0,2,1.6,Lagos,Student,USSD
CUST10351,42.0,28897.96,16.6,68.64,5,7.0,,4,16.7,Port Harcourt,Family,Card
CUST10352,56.0,20414.47,1.1,67.29,11,3.5,0.0,4,11.3,Lagos,Business,Bank Transfer
CUST10353,48.0,74079.41,4.1,,9,4.8,3.0,2,5.6,Ibadan,Professional,Cash
CUST10354,36.0,83501.83,43.5,66.07,7,6.5,2.0,0,16.9,Lagos,Student,Cash
CUST10355,38.0,40054.96,1.0,106.13,8,5.0,1.0,5,8.6,Kano,Family,Cash
CUST10356,26.0,13227.0,16.2,77.06,4,6.1,,2,8.1,Lagos,Business,Cash
CUST10357,38.0,40727.3,22.2,20.0,12,6.0,4.0,3,6.8,Port Harcourt,Family,Cash
CUST10358,35.0,68225.98,1.7,75.76,11,6.0,1.0,0,7.4,Lagos,Family,Card
CUST10359,42.0,24384.11,108.4,67.71,6,,0.0,5,7.2,Kano,Professional,USSD
CUST10360,28.0,60835.96,7.7,44.83,9,6.9,4.0,3,14.0,Port Harcourt,Student,Bank Transfer
CUST10361,44.0,,10.9,54.93,14,8.7,2.0,3,21.3,Lagos,Family,USSD
CUST10362,,75636.84,10.9,88.6,8,7.3,3.0,1,3.6,Ibadan,Professional,USSD
CUST10363,37.0,58738.91,7.9,,8,9.5,3.0,6,10.0,Port Harcourt,Business,Card
CUST10364,43.0,32205.76,1.0,92.91,6,8.8,4.0,2,11.0,Ibadan,Professional,Card
CUST10365,46.0,106213.11,39.2,72.97,8,5.9,0.0,4,14.8,Ibadan,Family,Card
CUST10366,33.0,50407.6,102.2,104.57,6,10.0,1.0,3,17.9,Ibadan,Family,Bank Transfer
CUST10367,41.0,54180.21,7.6,74.13,11,6.2,1.0,1,11.0,Lagos,Family,Card
CUST10368,38.0,32918.53,32.6,70.25,5,7.4,1.0,3,8.2,Lagos,Family,USSD
CUST10369,39.0,43100.21,40.6,59.39,12,7.7,1.0,3,15.5,Ibadan,Business,Bank Transfer
CUST10370,29.0,33807.8,56.6,,9,7.9,0.0,1,2.2,Abuja,Business,Card
CUST10371,38.0,50009.49,16.5,76.57,11,8.4,1.0,5,0.0,Lagos,Business,Card
CUST10372,44.0,141001.83,10.8,89.82,6,5.6,1.0,2,27.5,Kano,Business,Card
CUST10373,55.0,25862.33,11.8,83.53,9,8.3,5.0,8,7.2,Lagos,Family,USSD
CUST10374,50.0,22643.54,37.4,,9,8.0,1.0,5,9.5,Kano,Family,Card
CUST10375,64.0,,50.9,65.43,9,7.0,2.0,3,15.3,Ibadan,Student,USSD
CUST10376,29.0,49018.86,6.0,100.69,9,6.7,2.0,2,14.1,Kano,Professional,Bank Transfer
CUST10377,48.0,38066.83,13.9,53.18,7,5.5,2.0,0,17.3,Lagos,Student,Card
CUST10378,40.0,97444.28,69.7,109.97,5,7.9,3.0,2,17.6,Abuja,Student,Cash
CUST10379,64.0,39418.87,49.3,63.89,2,5.8,2.0,6,3.3,Abuja,Professional,Cash
CUST10380,28.0,150150.56,120.0,75.79,9,7.4,1.0,4,19.6,Abuja,Student,USSD
CUST10381,28.0,79853.4,42.1,51.7,6,6.8,1.0,3,15.1,Lagos,Business,Card
CUST10382,31.0,42055.15,15.0,73.66,7,4.6,2.0,4,14.3,Abuja,Business,Card
CUST10383,18.0,180161.33,26.8,111.53,4,5.3,1.0,2,14.5,Abuja,Student,Cash
CUST10384,32.0,39416.72,32.5,100.49,9,7.7,3.0,2,0.0,Port Harcourt,Professional,Bank Transfer
CUST10385,29.0,82722.0,2.5,109.66,8,6.1,4.0,2,10.7,Kano,Business,Bank Transfer
CUST10386,40.0,64841.39,23.6,99.94,10,6.0,2.0,3,6.2,Abuja,Business,USSD
CUST10387,42.0,112537.99,37.1,60.37,9,5.6,1.0,3,5.3,Lagos,Business,Cash
CUST10388,61.0,129822.01,5.5,77.17,9,5.7,0.0,5,9.1,Port Harcourt,Business,USSD
CUST10389,49.0,55976.7,45.5,69.14,2,10.0,1.0,5,17.0,Kano,Business,USSD
CUST10390,31.0,36341.25,26.3,120.37,6,5.0,1.0,2,13.7,Lagos,Professional,Bank Transfer
CUST10391,27.0,,91.2,62.38,7,9.7,0.0,0,14.6,Port Harcourt,Professional,Cash
CUST10392,44.0,37886.31,1.3,107.45,7,6.4,0.0,1,9.3,Lagos,Family,USSD
CUST10393,22.0,166450.2,9.2,108.06,100,5.8,0.0,3,14.3,Abuja,Professional,Bank Transfer
CUST10394,60.0,59289.23,27.6,132.95,6,7.7,1.0,2,10.8,Ibadan,Business,Bank Transfer
CUST10395,,44988.47,10.6,75.6,6,7.1,3.0,5,17.7,Ibadan,Family,Card
CUST10396,32.0,,37.6,105.82,10,6.6,1.0,2,16.2,Port Harcourt,Family,Cash
CUST10397,18.0,26217.15,42.7,145.46,10,7.4,1.0,2,13.0,Kano,Professional,Cash
CUST10398,54.0,32231.54,3.2,69.82,12,7.1,1.0,5,7.2,Ibadan,Professional,Card
CUST10399,37.0,106437.81,21.6,48.35,8,6.6,2.0,7,13.6,Ibadan,Family,USSD
CUST10400,53.0,,21.3,39.71,5,8.7,5.0,4,13.5,Abuja,Business,Bank Transfer
CUST10401,19.0,30923.99,13.8,103.92,8,4.4,2.0,5,12.7,Port Harcourt,Professional,Bank Transfer
CUST10402,,73883.7,81.1,44.41,8,5.4,3.0,3,9.1,Abuja,Business,Bank Transfer
CUST10403,38.0,105580.16,52.7,79.91,8,5.6,3.0,5,8.1,Lagos,Business,Card
CUST10404,39.0,81675.78,35.8,98.8,14,5.1,1.0,2,13.9,Abuja,Family,Bank Transfer
CUST10405,33.0,95121.92,37.6,92.64,2,7.2,2.0,6,6.9,Kano,Family,USSD
CUST10406,45.0,36273.81,18.6,97.12,7,7.9,1.0,2,10.5,Kano,Family,USSD
CUST10407,25.0,25162.06,76.1,96.65,7,3.5,0.0,1,15.5,Ibadan,Professional,Card
CUST10408,36.0,125595.53,35.6,119.82,5,6.1,1.0,1,14.6,Lagos,Professional,USSD
CUST10409,39.0,46056.06,39.2,64.33,7,6.4,5.0,8,5.1,Port Harcourt,Business,Cash
CUST10410,44.0,47912.43,59.3,72.82,8,,1.0,5,13.8,Lagos,Family,Cash
CUST10411,47.0,114187.29,9.6,66.45,8,4.7,2.0,4,24.2,Lagos,Professional,Bank Transfer
CUST10412,25.0,74683.54,49.4,109.7,12,6.4,1.0,1,16.1,Ibadan,Family,Bank Transfer
CUST10413,20.0,70673.56,6.5,108.03,4,5.4,2.0,6,10.4,Abuja,Professional,Cash
CUST10414,53.0,,12.7,97.3,6,6.4,5.0,1,19.8,Kano,Student,USSD
CUST10415,42.0,38605.63,12.3,115.57,8,3.9,0.0,5,25.2,Lagos,Family,Card
CUST10416,29.0,91619.6,115.2,64.77,9,6.4,1.0,2,17.2,Abuja,Professional,Bank Transfer
CUST10417,57.0,56751.97,58.3,131.34,6,5.7,2.0,6,1.6,Port Harcourt,Student,Bank Transfer
CUST10418,39.0,63755.72,36.2,125.98,11,,1.0,3,15.7,Lagos,Professional,Cash
CUST10419,52.0,127483.99,39.0,106.51,6,7.5,3.0,6,20.1,Abuja,Family,Cash
CUST10420,39.0,72721.92,24.8,131.53,9,6.9,2.0,3,0.0,Lagos,Student,Card
CUST10421,63.0,73950.51,88.2,50.64,12,8.4,4.0,6,17.6,Port Harcourt,Professional,Bank Transfer
CUST10422,59.0,99207.36,20.6,73.53,7,,2.0,5,10.8,Ibadan,Professional,USSD
CUST10423,35.0,44997.6,14.4,67.77,14,8.1,0.0,1,19.9,Ibadan,Student,USSD
CUST10424,,34666.29,5.3,103.46,6,9.0,,3,11.6,Ibadan,Student,Cash
CUST10425,46.0,30959.75,46.3,62.45,9,7.5,2.0,3,14.1,Ibadan,Student,Card
CUST10426,54.0,18649.83,39.8,107.12,8,7.0,1.0,2,14.2,Ibadan,Professional,Cash
CUST10427,26.0,170416.78,14.6,120.43,10,,3.0,4,16.3,Port Harcourt,Business,Card
CUST10428,46.0,29981.14,1.0,409.84,9,7.6,1.0,2,14.7,Abuja,Professional,USSD
CUST10429,,48698.28,54.8,96.48,5,8.8,4.0,4,6.6,Abuja,Student,Card
CUST10430,18.0,47232.67,1.0,60.38,7,8.4,2.0,4,10.4,Kano,Student,USSD
CUST10431,24.0,65131.41,36.5,,10,8.5,0.0,0,12.0,Lagos,Professional,Card
CUST10432,18.0,86141.27,105.5,124.68,6,7.1,3.0,4,19.4,Lagos,Family,Cash
CUST10433,35.0,88287.06,17.3,105.87,7,7.6,0.0,2,14.9,Ibadan,Professional,USSD
CUST10434,47.0,39910.55,8.0,84.67,8,7.6,1.0,3,8.1,Lagos,Student,Bank Transfer
CUST10435,56.0,50169.95,36.6,77.48,6,4.8,3.0,3,6.5,Ibadan,Professional,Bank Transfer
CUST10436,39.0,64248.1,51.0,38.43,5,8.9,0.0,2,15.9,Kano,Family,USSD
CUST10437,58.0,47968.91,23.7,60.13,7,4.0,4.0,0,9.2,Abuja,Student,Bank Transfer
CUST10438,21.0,133136.28,102.4,140.98,4,8.3,0.0,1,16.5,Port Harcourt,Family,USSD
CUST10439,18.0,72050.65,1.6,53.12,12,7.5,4.0,5,11.7,Kano,Professional,Cash
CUST10440,37.0,82394.28,21.1,91.42,12,6.5,2.0,4,20.8,Lagos,Student,Cash
CUST10441,43.0,79195.37,38.0,113.23,9,7.7,2.0,2,7.6,Kano,Family,Card
CUST10442,38.0,104872.34,59.6,58.39,7,7.8,2.0,1,20.6,Kano,Family,Bank Transfer
CUST10443,18.0,60757.77,5.9,90.09,5,4.6,1.0,1,17.9,Lagos,Family,Bank Transfer
CUST10444,37.0,,48.3,112.31,5,9.5,1.0,3,9.4,Lagos,Professional,Bank Transfer
CUST10445,22.0,68522.46,24.1,87.24,7,7.1,0.0,3,6.7,Lagos,Professional,USSD
CUST10446,46.0,38439.55,15.2,157.92,6,10.0,4.0,3,23.6,Lagos,Professional,Cash
CUST10447,42.0,41124.09,4.2,43.62,7,8.4,1.0,5,6.6,Lagos,Family,Bank Transfer
CUST10448,27.0,75931.63,60.1,116.28,9,7.1,0.0,4,13.8,Kano,Family,Card
CUST10449,32.0,108677.94,5.1,81.09,8,5.8,1.0,3,14.1,Abuja,Student,Bank Transfer
CUST10450,25.0,55647.24,11.1,105.19,6,6.8,,0,12.1,Ibadan,Family,Card
CUST10451,37.0,65182.52,10.3,96.85,9,7.3,,7,16.7,Lagos,Family,Bank Transfer
CUST10452,49.0,140267.51,61.5,71.59,8,9.6,0.0,3,6.4,Abuja,Professional,Bank Transfer
CUST10453,26.0,62786.96,33.5,93.41,5,9.2,1.0,4,23.6,Port Harcourt,Business,Cash
CUST10454,44.0,230041.31,47.8,42.38,9,7.8,2.0,4,7.1,Ibadan,Business,Card
CUST10455,32.0,75065.68,8.6,100.77,6,10.0,3.0,4,11.1,Port Harcourt,Student,Bank Transfer
CUST10456,28.0,20882.55,29.4,94.81,8,3.4,,1,3.4,Abuja,Business,Card
CUST10457,37.0,83235.26,25.4,103.0,6,7.8,0.0,4,18.3,Ibadan,Professional,Card
CUST10458,26.0,67827.67,53.7,,7,9.3,2.0,3,23.3,Lagos,Family,Cash
CUST10459,31.0,111798.39,71.0,99.87,8,8.0,2.0,4,24.0,Lagos,Business,Cash
CUST10460,24.0,79645.29,1.0,88.78,5,4.6,1.0,2,18.8,Abuja,Professional,Card
CUST10461,62.0,50967.21,33.6,65.66,8,9.5,0.0,5,9.8,Kano,Professional,Cash
CUST10462,38.0,28049.45,1.6,269.29,5,8.4,1.0,3,12.0,Lagos,Business,Bank Transfer
CUST10463,30.0,49026.96,23.9,,9,7.6,2.0,1,10.1,Port Harcourt,Professional,Bank Transfer
CUST10464,41.0,34451.31,10.2,121.72,11,7.2,0.0,4,4.7,Port Harcourt,Professional,Cash
CUST10465,37.0,39966.65,11.0,,8,10.0,4.0,6,10.2,Ibadan,Professional,Card
CUST10466,35.0,76024.17,13.1,87.19,100,7.8,0.0,1,17.5,Lagos,Business,Bank Transfer
CUST10467,45.0,137796.87,29.1,64.72,11,6.6,4.0,3,6.8,Lagos,Business,USSD
CUST10468,47.0,68333.66,12.2,115.29,7,5.5,3.0,2,0.0,Abuja,Professional,Card
CUST10469,32.0,28491.26,39.6,104.8,10,8.4,1.0,6,4.5,Abuja,Business,Card
CUST10470,31.0,70236.26,15.6,134.77,8,8.8,0.0,1,16.9,Kano,Professional,USSD
CUST10471,35.0,106216.61,2.1,,9,7.1,1.0,4,1.7,Port Harcourt,Business,USSD
CUST10472,18.0,39328.62,45.9,79.23,7,6.0,1.0,2,9.2,Kano,Family,Card
CUST10473,20.0,51091.79,10.1,91.59,7,9.4,3.0,5,9.7,Ibadan,Student,USSD
CUST10474,54.0,55446.12,17.0,102.52,12,5.4,3.0,2,13.5,Ibadan,Student,Cash
CUST10475,58.0,35717.44,34.7,82.38,3,10.0,0.0,1,13.4,Abuja,Student,Cash
CUST10476,35.0,78561.95,12.1,,6,5.7,1.0,2,14.4,Ibadan,Professional,Card
CUST10477,45.0,51460.35,1.7,107.17,9,4.7,2.0,5,11.1,Lagos,Family,Cash
CUST10478,42.0,69274.44,14.0,104.15,8,4.9,1.0,2,6.3,Kano,Professional,Bank Transfer
CUST10479,75.0,33757.83,86.7,69.03,8,5.0,3.0,2,17.4,Port Harcourt,Business,Cash
CUST10480,51.0,43238.49,30.8,,7,6.6,2.0,3,1.4,Kano,Family,Cash
CUST10481,36.0,81829.92,33.4,116.93,9,6.2,2.0,4,16.7,Abuja,Family,USSD
CUST10482,27.0,44802.99,30.0,,11,8.8,,2,18.9,Kano,Professional,Cash
CUST10483,19.0,142189.87,6.7,87.52,8,8.6,1.0,4,26.0,Ibadan,Business,Card
CUST10484,,44147.37,16.3,100.15,7,6.6,2.0,4,7.5,Kano,Family,Cash
CUST10485,29.0,62234.52,41.7,66.79,8,10.0,1.0,3,8.6,Kano,Business,Cash
CUST10486,21.0,91859.31,3.2,86.01,15,6.6,1.0,7,12.3,Lagos,Business,Card
CUST10487,30.0,25209.78,9.8,31.97,14,6.8,1.0,0,11.9,Lagos,Student,Card
CUST10488,25.0,20882.02,9.7,107.69,10,4.7,,4,17.0,Ibadan,Student,USSD
CUST10489,58.0,23765.2,17.0,47.32,6,6.9,0.0,5,15.1,Port Harcourt,Business,Bank Transfer
CUST10490,49.0,110140.24,117.9,132.02,13,,0.0,3,9.9,Port Harcourt,Business,Cash
CUST10491,38.0,40601.75,2.1,76.91,4,4.9,2.0,0,11.4,Abuja,Family,Bank Transfer
CUST10492,56.0,224604.89,21.9,81.46,4,6.1,5.0,5,17.6,Lagos,Professional,USSD
CUST10493,,40326.02,5.9,69.78,7,7.6,1.0,4,4.4,Abuja,Family,Card
CUST10494,28.0,60875.84,105.9,86.27,10,6.1,1.0,1,10.6,Abuja,Professional,Card
CUST10495,56.0,128444.08,3.6,120.75,13,5.7,3.0,0,15.3,Lagos,Professional,Card
CUST10496,44.0,165783.76,15.5,24.05,6,8.4,1.0,3,5.6,Lagos,Professional,USSD
CUST10497,26.0,170913.94,40.2,120.14,10,,0.0,4,0.0,Abuja,Professional,Cash
CUST10498,36.0,106904.36,36.6,96.38,5,5.0,1.0,4,20.7,Port Harcourt,Professional,USSD
CUST10499,27.0,96598.92,16.5,56.14,11,7.3,0.0,1,11.9,Lagos,Business,Card
CUST10500,21.0,76189.45,12.8,59.14,6,8.5,1.0,2,4.5,Port Harcourt,Business,Cash
CUST10501,49.0,84388.55,15.2,128.13,8,7.5,3.0,1,17.5,Ibadan,Business,Card
CUST10502,61.0,40616.77,9.2,62.1,4,6.6,1.0,1,10.8,Abuja,Business,Card
CUST10503,21.0,35069.22,6.9,56.72,8,6.5,2.0,0,5.8,Ibadan,Professional,USSD
CUST10504,45.0,54898.02,19.8,115.02,9,8.8,2.0,4,14.2,Ibadan,Business,USSD
CUST10505,30.0,50085.5,9.4,94.21,11,8.5,2.0,3,12.3,Lagos,Business,Bank Transfer
CUST10506,32.0,42865.09,10.2,62.37,8,7.1,1.0,1,8.3,Lagos,Business,Card
CUST10507,31.0,80668.35,32.1,92.98,8,6.5,2.0,5,7.4,Abuja,Family,Cash
CUST10508,28.0,93014.1,103.8,67.66,9,7.1,1.0,5,5.8,Port Harcourt,Professional,Card
CUST10509,39.0,57740.39,27.8,114.74,13,5.7,0.0,3,16.4,Abuja,Student,Cash
CUST10510,28.0,123961.96,2.4,111.73,10,6.7,0.0,7,4.5,Abuja,Student,Bank Transfer
CUST10511,41.0,29353.28,2.4,98.49,9,6.1,3.0,1,7.2,Port Harcourt,Business,Card
CUST10512,37.0,49443.0,90.7,101.3,8,6.8,2.0,3,12.6,Lagos,Professional,Cash
CUST10513,35.0,37080.12,10.6,129.88,7,6.2,1.0,5,20.8,Ibadan,Business,Cash
CUST10514,27.0,19702.35,2.9,85.22,12,7.9,0.0,2,12.8,Lagos,Professional,Bank Transfer
CUST10515,31.0,52554.92,27.4,57.65,2,8.5,2.0,2,15.5,Ibadan,Family,USSD
CUST10516,47.0,51437.74,29.3,98.58,6,6.3,1.0,2,12.6,Lagos,Student,Bank Transfer
CUST10517,44.0,126435.28,31.4,139.66,6,5.5,1.0,5,17.4,Lagos,Professional,Cash
CUST10518,26.0,77810.75,9.3,60.38,6,8.3,1.0,2,23.6,Lagos,Professional,Bank Transfer
CUST10519,39.0,31312.91,1.0,76.04,13,7.3,2.0,1,9.4,Ibadan,Family,USSD
CUST10520,47.0,152487.72,100.6,103.46,6,6.3,3.0,3,12.1,Lagos,Student,Card
CUST10521,18.0,107651.78,8.7,84.35,6,9.5,3.0,3,13.0,Port Harcourt,Family,Bank Transfer
CUST10522,45.0,75753.67,33.8,63.15,9,6.0,0.0,1,15.2,Ibadan,Professional,Bank Transfer
CUST10523,30.0,48558.39,36.8,115.99,8,3.4,2.0,5,12.8,Port Harcourt,Business,Card
CUST10524,45.0,32448.09,28.2,145.26,14,5.7,3.0,2,8.7,Abuja,Student,Bank Transfer
CUST10525,29.0,44818.43,11.3,90.8,6,9.9,3.0,4,12.0,Ibadan,Family,USSD
CUST10526,18.0,100097.52,9.5,63.16,4,6.4,2.0,5,26.6,Ibadan,Professional,Cash
CUST10527,18.0,155066.75,27.3,48.46,9,6.1,1.0,4,13.9,Abuja,Family,Bank Transfer
CUST10528,39.0,128524.19,60.3,96.27,7,7.0,2.0,5,0.5,Port Harcourt,Professional,Card
CUST10529,41.0,42033.46,88.0,119.63,8,8.8,2.0,4,9.6,Ibadan,Family,Card
CUST10530,27.0,29711.78,3.4,97.15,8,6.9,1.0,4,12.1,Ibadan,Business,Bank Transfer
CUST10531,46.0,59431.28,5.0,85.34,10,8.1,1.0,2,11.2,Abuja,Student,Card
CUST10532,18.0,,86.9,77.22,6,6.7,1.0,6,11.6,Ibadan,Student,Cash
CUST10533,37.0,65698.46,40.0,60.9,4,8.1,3.0,0,13.7,Lagos,Family,Cash
CUST10534,23.0,50711.45,64.4,111.02,10,7.3,1.0,1,15.1,Abuja,Family,Card
CUST10535,30.0,42564.18,6.8,,10,6.3,,0,13.6,Lagos,Professional,Bank Transfer
CUST10536,39.0,22879.62,26.6,48.48,5,7.5,1.0,2,17.7,Lagos,Professional,Bank Transfer
CUST10537,28.0,72952.84,36.2,127.64,7,6.0,5.0,1,3.0,Port Harcourt,Student,Card
CUST10538,33.0,41031.81,34.2,102.09,8,4.5,0.0,2,10.5,Abuja,Professional,Cash
CUST10539,50.0,28901.08,15.7,121.25,4,7.0,0.0,8,14.6,Lagos,Professional,Cash
CUST10540,31.0,11331.53,1.0,51.53,7,4.7,1.0,5,13.5,Abuja,Business,Bank Transfer
CUST10541,48.0,54173.94,26.2,52.95,12,8.1,3.0,2,8.1,Abuja,Professional,Cash
CUST10542,24.0,145776.05,8.8,81.98,8,6.9,1.0,1,8.8,Ibadan,Family,USSD
CUST10543,44.0,137143.22,17.9,99.01,6,9.6,1.0,2,6.9,Ibadan,Business,Cash
CUST10544,55.0,42773.99,94.8,137.49,5,6.4,1.0,5,17.9,Abuja,Professional,Bank Transfer
CUST10545,18.0,39492.73,15.3,103.87,8,7.0,0.0,5,0.9,Ibadan,Family,Cash
CUST10546,28.0,71176.24,54.9,83.33,9,4.4,1.0,2,4.3,Abuja,Business,Cash
CUST10547,45.0,31760.43,6.3,59.84,100,5.0,1.0,4,14.5,Port Harcourt,Professional,Card
CUST10548,36.0,64930.58,33.5,118.43,9,4.0,1.0,1,15.3,Ibadan,Professional,USSD
CUST10549,42.0,83820.48,113.2,69.94,6,8.9,1.0,1,2.5,Abuja,Business,Card
CUST10550,31.0,108001.64,3.2,125.97,11,6.2,1.0,1,15.8,Port Harcourt,Business,Cash
CUST10551,39.0,52052.27,1.0,77.97,9,9.4,0.0,5,13.1,Lagos,Professional,Cash
CUST10552,,49171.42,17.1,126.13,8,2.2,1.0,2,15.1,Lagos,Student,Card
CUST10553,52.0,,2.9,102.21,8,9.8,1.0,4,12.4,Port Harcourt,Professional,USSD
CUST10554,41.0,,41.4,84.89,7,6.9,1.0,4,14.6,Ibadan,Professional,Bank Transfer
CUST10555,42.0,48558.53,73.8,77.92,7,7.6,1.0,5,14.8,Abuja,Professional,Card
CUST10556,33.0,67315.08,17.1,77.84,7,5.1,4.0,4,14.8,Ibadan,Family,Cash
CUST10557,32.0,90904.07,9.0,96.43,7,7.9,0.0,3,13.5,Ibadan,Business,Cash
CUST10558,33.0,35360.12,17.1,88.3,12,6.3,0.0,3,11.5,Lagos,Professional,Bank Transfer
CUST10559,43.0,124999.77,38.6,73.24,11,4.9,1.0,3,11.5,Abuja,Business,Cash
CUST10560,33.0,47380.71,1.0,,7,4.8,0.0,5,13.4,Port Harcourt,Student,Cash
CUST10561,41.0,54357.42,26.7,89.1,4,4.8,1.0,4,17.0,Abuja,Student,Bank Transfer
CUST10562,63.0,36465.51,28.5,34.06,14,7.7,0.0,3,23.8,Lagos,Professional,Cash
CUST10563,48.0,14497.86,30.5,98.89,10,5.9,2.0,2,15.2,Ibadan,Student,Cash
CUST10564,34.0,89439.12,8.3,61.17,11,4.0,2.0,4,14.3,Kano,Professional,USSD
CUST10565,52.0,82483.42,37.6,59.17,5,7.7,1.0,5,19.3,Abuja,Business,Card
CUST10566,33.0,47115.55,2.9,43.05,13,3.1,1.0,1,14.4,Port Harcourt,Professional,USSD
CUST10567,18.0,57064.26,6.7,40.69,8,9.4,0.0,5,5.6,Lagos,Family,USSD
CUST10568,26.0,73046.76,63.0,56.15,5,10.0,0.0,5,7.6,Abuja,Professional,Cash
CUST10569,18.0,23287.88,40.3,70.5,7,4.6,3.0,2,23.0,Ibadan,Student,Card
CUST10570,34.0,41114.23,1.0,133.91,8,8.9,3.0,2,7.7,Ibadan,Family,Card
CUST10571,38.0,85129.94,8.6,72.54,10,7.6,1.0,2,15.4,Abuja,Business,Cash
CUST10572,58.0,27590.57,7.2,90.02,5,6.1,0.0,2,6.1,Port Harcourt,Professional,USSD
CUST10573,42.0,64637.2,9.5,95.77,5,6.2,3.0,4,19.7,Port Harcourt,Family,USSD
CUST10574,35.0,26081.16,8.5,88.96,4,8.2,2.0,3,9.2,Abuja,Business,USSD
CUST10575,48.0,71084.53,1.9,83.22,5,6.9,0.0,1,12.5,Lagos,Family,Card
CUST10576,18.0,53932.34,18.4,56.59,12,2.3,3.0,5,10.6,Abuja,Professional,Cash
CUST10577,41.0,22623.99,39.6,124.44,2,10.0,0.0,2,15.0,Port Harcourt,Family,Card
CUST10578,47.0,104369.74,28.0,132.42,7,,2.0,3,13.0,Lagos,Professional,USSD
CUST10579,20.0,36719.5,33.5,45.62,9,6.9,2.0,0,17.5,Lagos,Family,Card
CUST10580,52.0,35222.83,2.5,59.6,9,5.7,0.0,1,15.9,Lagos,Professional,Card
CUST10581,42.0,61414.52,90.8,85.27,7,6.7,2.0,3,13.7,Abuja,Student,Cash
CUST10582,33.0,103449.52,54.7,65.26,10,9.3,3.0,2,15.9,Port Harcourt,Family,Cash
CUST10583,46.0,251658.43,49.1,101.57,8,7.5,1.0,2,16.2,Lagos,Professional,Card
CUST10584,65.0,56897.82,51.9,70.95,10,7.7,0.0,3,9.6,Lagos,Professional,Bank Transfer
CUST10585,40.0,69629.08,81.0,145.6,10,4.8,1.0,2,9.2,Ibadan,Business,Cash
CUST10586,41.0,80522.87,23.6,116.65,3,6.4,3.0,3,21.3,Lagos,Business,Bank Transfer
CUST10587,32.0,60604.92,6.7,90.85,4,7.1,3.0,5,16.2,Abuja,Professional,Cash
CUST10588,28.0,44946.27,28.8,112.98,7,8.3,5.0,3,14.4,Ibadan,Professional,USSD
CUST10589,48.0,34888.55,40.7,115.91,7,6.3,,5,7.2,Port Harcourt,Professional,Bank Transfer
CUST10590,28.0,57668.57,40.2,74.12,8,8.7,1.0,4,1.3,Kano,Professional,USSD
CUST10591,39.0,30497.87,22.1,66.36,4,4.9,2.0,4,10.2,Abuja,Business,USSD
CUST10592,32.0,,2.1,87.12,9,7.1,,4,9.3,Lagos,Family,Card
CUST10593,44.0,69926.25,13.9,107.65,13,6.8,2.0,2,10.1,Port Harcourt,Professional,USSD
CUST10594,42.0,90422.88,76.1,94.56,8,4.3,2.0,2,17.1,Port Harcourt,Family,USSD
CUST10595,50.0,14995.05,26.3,47.68,9,6.9,1.0,5,21.2,Lagos,Family,USSD
CUST10596,32.0,31562.87,23.2,66.78,10,6.0,1.0,5,18.7,Abuja,Family,USSD
CUST10597,35.0,77313.46,9.4,83.9,5,9.5,1.0,1,8.4,Ibadan,Family,Card
CUST10598,26.0,170537.58,13.8,84.21,6,6.3,3.0,3,15.2,Lagos,Student,Card
CUST10599,33.0,55632.62,67.7,139.73,5,7.6,0.0,8,9.1,Abuja,Student,USSD
CUST10600,43.0,,32.9,52.99,10,4.8,0.0,3,1.0,Abuja,Professional,Bank Transfer
CUST10601,47.0,,46.4,101.36,7,7.4,3.0,6,11.5,Kano,Professional,Cash
CUST10602,27.0,117157.04,18.2,123.68,9,6.3,3.0,1,19.6,Ibadan,Student,Bank Transfer
CUST10603,48.0,38553.73,29.8,144.17,11,5.6,3.0,3,10.0,Kano,Business,USSD
CUST10604,54.0,,8.6,75.58,7,10.0,1.0,2,17.0,Abuja,Professional,Card
CUST10605,43.0,42174.86,36.7,100.22,8,6.4,,1,8.0,Lagos,Business,USSD
CUST10606,61.0,32557.33,16.7,100.58,9,6.6,0.0,2,16.1,Abuja,Student,USSD
CUST10607,29.0,58838.82,17.5,91.29,9,8.6,1.0,3,10.5,Port Harcourt,Student,Card
CUST10608,23.0,,31.4,85.04,5,5.6,0.0,4,21.1,Kano,Professional,Bank Transfer
CUST10609,18.0,65695.26,82.6,102.51,10,7.7,1.0,2,10.1,Ibadan,Professional,Cash
CUST10610,56.0,47872.38,2.0,21.85,8,7.9,3.0,2,8.7,Abuja,Business,USSD
CUST10611,46.0,46844.66,52.2,106.23,11,7.4,3.0,3,20.8,Port Harcourt,Student,Card
CUST10612,37.0,23279.62,10.4,88.98,8,10.0,2.0,5,8.5,Port Harcourt,Professional,Cash
CUST10613,41.0,89393.11,17.6,80.85,5,5.6,0.0,3,13.3,Lagos,Business,Cash
CUST10614,24.0,52695.11,1.0,136.25,9,9.8,2.0,3,8.6,Abuja,Professional,Cash
CUST10615,67.0,49802.7,10.7,68.99,9,7.8,1.0,2,17.5,Port Harcourt,Student,Card
CUST10616,40.0,318474.48,21.0,76.6,9,8.6,1.0,1,19.8,Ibadan,Professional,USSD
CUST10617,39.0,64822.14,1.7,134.93,5,7.6,2.0,3,8.0,Abuja,Professional,Card
CUST10618,47.0,36373.78,20.3,,10,10.0,2.0,4,15.3,Ibadan,Professional,USSD
CUST10619,44.0,43503.29,78.6,77.53,10,6.4,3.0,2,15.8,Port Harcourt,Professional,Bank Transfer
CUST10620,41.0,103438.61,3.3,81.59,9,7.9,,1,12.8,Lagos,Business,Cash
CUST10621,29.0,58535.41,43.4,109.49,8,9.3,1.0,5,21.2,Lagos,Business,USSD
CUST10622,44.0,24935.2,15.8,91.46,8,6.0,0.0,2,21.1,Lagos,Student,Bank Transfer
CUST10623,61.0,91186.7,31.9,55.24,10,8.8,3.0,2,6.9,Abuja,Student,Card
CUST10624,54.0,38086.27,9.0,72.42,10,7.0,1.0,5,19.3,Lagos,Professional,Cash
CUST10625,57.0,154106.97,5.2,70.23,3,4.8,0.0,1,15.0,Abuja,Family,USSD
CUST10626,32.0,99619.67,5.2,83.49,14,4.4,0.0,3,13.5,Ibadan,Professional,Cash
CUST10627,26.0,,2.2,95.82,11,6.8,1.0,6,10.6,Port Harcourt,Business,Cash
CUST10628,36.0,111262.49,6.2,95.95,8,8.8,2.0,4,3.1,Kano,Family,Cash
CUST10629,,57091.41,32.7,43.22,8,3.3,0.0,6,13.7,Lagos,Student,Card
CUST10630,51.0,87913.97,64.0,116.72,8,7.4,3.0,0,13.8,Abuja,Family,Cash
CUST10631,18.0,71803.72,50.5,95.35,9,8.6,1.0,3,24.0,Lagos,Student,USSD
CUST10632,56.0,34530.29,34.7,122.39,12,4.7,3.0,5,8.0,Ibadan,Professional,Card
CUST10633,36.0,38604.96,3.5,96.39,13,5.9,1.0,3,2.4,Lagos,Student,Bank Transfer
CUST10634,33.0,96912.8,10.2,113.35,11,8.0,0.0,4,4.9,Abuja,Student,USSD
CUST10635,26.0,45750.68,11.1,97.55,7,8.5,3.0,1,21.5,Port Harcourt,Family,Card
CUST10636,18.0,,8.6,119.35,7,9.9,2.0,7,9.3,Abuja,Family,USSD
CUST10637,48.0,32525.22,21.7,99.79,5,5.9,1.0,2,20.2,Ibadan,Student,USSD
CUST10638,39.0,69429.56,23.0,84.39,6,5.5,2.0,4,12.0,Lagos,Business,Bank Transfer
CUST10639,23.0,171009.98,13.2,142.87,3,,2.0,4,6.2,Abuja,Professional,Card
CUST10640,22.0,30575.23,13.1,108.27,9,5.6,3.0,1,24.0,Kano,Student,Cash
CUST10641,34.0,55737.54,52.9,103.58,13,7.9,1.0,3,19.9,Port Harcourt,Student,USSD
CUST10642,58.0,119588.24,46.7,56.83,7,10.0,1.0,3,10.9,Abuja,Family,USSD
CUST10643,35.0,52642.85,11.0,53.68,7,8.4,0.0,6,18.0,Lagos,Business,USSD
CUST10644,20.0,564296.16,73.5,98.2,11,8.4,2.0,4,12.7,Kano,Family,USSD
CUST10645,35.0,30661.77,91.6,95.97,6,9.3,4.0,3,14.6,Ibadan,Business,USSD
CUST10646,35.0,69609.57,11.9,70.6,9,7.9,1.0,3,22.6,Port Harcourt,Professional,Card
CUST10647,18.0,49620.49,13.1,,13,8.4,3.0,3,2.9,Ibadan,Professional,USSD
CUST10648,37.0,94583.66,21.1,126.41,11,6.4,1.0,3,9.8,Abuja,Professional,USSD
CUST10649,35.0,105677.87,85.0,109.18,11,9.1,1.0,4,12.2,Lagos,Family,USSD
CUST10650,46.0,228513.02,62.7,61.49,8,7.7,2.0,3,14.0,Lagos,Professional,Cash
CUST10651,60.0,75651.06,3.2,,12,4.3,2.0,1,4.5,Port Harcourt,Business,Cash
CUST10652,52.0,65793.51,15.0,66.07,12,7.4,0.0,4,17.5,Abuja,Student,Card
CUST10653,35.0,61205.96,24.2,77.24,15,3.1,3.0,5,5.1,Kano,Professional,USSD
CUST10654,25.0,45290.25,21.0,76.34,4,8.3,1.0,5,4.5,Port Harcourt,Professional,USSD
CUST10655,69.0,,6.5,73.58,6,6.6,3.0,3,10.5,Ibadan,Family,Bank Transfer
CUST10656,39.0,46752.25,58.7,58.32,5,10.0,3.0,3,23.4,Abuja,Professional,Cash
CUST10657,38.0,60339.49,33.9,84.52,8,7.9,2.0,5,27.2,Abuja,Professional,Bank Transfer
CUST10658,38.0,113523.72,54.6,75.35,10,8.7,2.0,3,14.9,Lagos,Professional,USSD
CUST10659,40.0,31618.26,58.7,20.0,7,5.1,1.0,2,10.6,Abuja,Family,USSD
CUST10660,36.0,102952.36,41.4,139.64,7,8.2,2.0,3,12.9,Ibadan,Family,Bank Transfer
CUST10661,31.0,113493.6,17.4,113.61,3,5.8,2.0,1,14.0,Lagos,Family,Card
CUST10662,31.0,51541.92,28.3,77.86,10,9.0,2.0,4,20.8,Ibadan,Professional,Card
CUST10663,38.0,17121.12,5.2,85.89,9,5.0,,5,4.7,Ibadan,Business,Bank Transfer
CUST10664,,39371.06,33.6,58.4,8,7.2,1.0,3,19.2,Port Harcourt,Business,USSD
CUST10665,29.0,112244.57,5.9,,9,4.9,2.0,3,3.4,Abuja,Professional,Bank Transfer
CUST10666,39.0,54312.57,35.5,135.27,7,7.2,1.0,1,9.1,Lagos,Professional,Cash
CUST10667,35.0,31744.42,7.8,89.54,7,10.0,4.0,2,12.0,Lagos,Professional,Card
CUST10668,56.0,41666.9,3.8,110.89,10,8.3,2.0,2,14.5,Lagos,Professional,Bank Transfer
CUST10669,18.0,87328.27,5.4,89.82,6,6.9,3.0,6,12.0,Abuja,Business,Card
CUST10670,51.0,74294.48,1.0,51.66,6,2.6,1.0,5,13.1,Lagos,Family,Cash
CUST10671,53.0,48227.07,38.1,77.75,8,6.0,0.0,4,12.2,Kano,Business,USSD
CUST10672,18.0,44951.3,39.5,91.46,11,7.9,2.0,6,2.9,Abuja,Professional,USSD
CUST10673,34.0,44339.07,21.7,75.37,8,6.1,1.0,4,15.5,Lagos,Family,USSD
CUST10674,34.0,33115.7,5.3,,11,9.6,3.0,1,16.9,Port Harcourt,Professional,Card
CUST10675,21.0,133725.58,2.6,82.92,8,7.1,3.0,6,20.1,Ibadan,Student,Cash
CUST10676,29.0,46065.16,1.0,83.06,10,8.9,0.0,2,23.1,Port Harcourt,Family,Bank Transfer
CUST10677,25.0,107422.58,5.4,86.74,6,7.4,0.0,2,14.5,Abuja,Student,USSD
CUST10678,59.0,126983.48,66.5,63.8,8,6.5,0.0,3,20.5,Kano,Family,Card
CUST10679,49.0,,8.3,67.74,7,6.2,5.0,5,12.1,Kano,Family,USSD
CUST10680,53.0,43377.55,13.1,53.94,7,5.2,4.0,3,3.3,Ibadan,Business,Cash
CUST10681,47.0,68674.97,3.3,109.71,3,9.0,3.0,3,17.8,Lagos,Student,Bank Transfer
CUST10682,24.0,54272.93,7.5,32.96,11,6.2,1.0,1,16.4,Ibadan,Family,USSD
CUST10683,32.0,33458.21,22.0,115.6,7,7.9,1.0,2,12.0,Lagos,Business,Cash
CUST10684,44.0,65741.53,28.1,121.9,6,,2.0,3,11.6,Ibadan,Business,Card
CUST10685,23.0,28756.43,8.4,78.12,11,5.1,1.0,1,14.9,Lagos,Family,Cash
CUST10686,47.0,105694.92,1.8,20.06,2,8.0,0.0,1,10.0,Ibadan,Family,Card
CUST10687,35.0,42597.42,14.9,77.16,7,,1.0,4,14.7,Ibadan,Professional,USSD
CUST10688,34.0,61434.46,8.0,84.04,9,6.3,1.0,2,6.5,Lagos,Family,USSD
CUST10689,47.0,64273.12,7.4,60.33,8,4.8,0.0,4,7.1,Ibadan,Family,Cash
CUST10690,43.0,47700.19,96.5,79.84,12,6.1,2.0,4,4.1,Lagos,Family,Card
CUST10691,34.0,75945.41,28.7,125.55,6,7.0,3.0,1,25.5,Lagos,Family,Cash
CUST10692,52.0,42357.1,24.4,103.58,13,6.5,2.0,3,12.4,Abuja,Professional,Cash
CUST10693,25.0,88814.21,16.1,63.18,11,8.5,6.0,3,19.2,Ibadan,Student,USSD
CUST10694,45.0,26233.69,16.8,46.4,12,,2.0,1,5.4,Abuja,Family,USSD
CUST10695,45.0,58958.98,23.4,78.69,4,10.0,2.0,3,10.9,Port Harcourt,Professional,USSD
CUST10696,34.0,159771.41,35.8,82.52,14,7.8,5.0,2,15.3,Port Harcourt,Professional,Cash
CUST10697,42.0,31726.46,36.3,100.31,4,3.9,2.0,5,20.8,Ibadan,Student,Cash
CUST10698,23.0,37885.69,5.7,72.07,12,6.6,1.0,5,8.4,Kano,Professional,Bank Transfer
CUST10699,49.0,72965.19,20.8,99.45,5,6.8,1.0,6,9.6,Lagos,Business,Bank Transfer
CUST10700,36.0,60709.68,15.9,134.65,6,5.9,2.0,3,7.2,Lagos,Family,Cash
CUST10701,32.0,66698.32,61.3,110.29,12,7.1,0.0,2,11.3,Lagos,Student,Bank Transfer
CUST10702,51.0,71979.84,29.9,86.19,9,5.8,3.0,1,5.9,Port Harcourt,Professional,Cash
CUST10703,30.0,77978.25,22.8,82.25,10,7.6,3.0,2,3.4,Lagos,Professional,USSD
CUST10704,21.0,101257.63,3.7,76.38,9,3.6,1.0,1,13.6,Lagos,Professional,Card
CUST10705,19.0,68905.32,27.9,116.75,8,9.1,1.0,3,16.0,Ibadan,Professional,USSD
CUST10706,45.0,48165.43,3.7,69.62,11,4.2,3.0,4,5.2,Abuja,Business,Cash
CUST10707,23.0,79618.68,12.3,87.12,7,6.5,3.0,4,8.0,Port Harcourt,Student,USSD
CUST10708,59.0,156376.76,4.6,86.65,10,5.7,1.0,1,11.4,Abuja,Family,Cash
CUST10709,18.0,51130.68,35.3,75.28,7,7.6,1.0,1,22.2,Lagos,Business,Cash
CUST10710,58.0,,6.9,51.24,16,6.7,3.0,5,0.0,Abuja,Business,Bank Transfer
CUST10711,41.0,,14.9,94.27,7,7.5,3.0,3,14.7,Abuja,Student,Cash
CUST10712,37.0,51476.4,67.8,88.9,12,9.0,0.0,0,16.1,Ibadan,Family,Card
CUST10713,31.0,16649.25,6.9,98.05,5,8.4,1.0,8,7.7,Abuja,Student,Bank Transfer
CUST10714,43.0,87655.57,21.3,73.36,7,7.1,3.0,2,9.9,Abuja,Professional,Card
CUST10715,38.0,40972.56,16.3,116.82,11,7.8,1.0,5,14.0,Kano,Student,Cash
CUST10716,51.0,52328.43,1.0,63.16,8,10.0,,3,11.8,Kano,Business,USSD
CUST10717,39.0,66017.67,47.2,131.58,11,8.4,0.0,2,22.2,Kano,Student,Cash
CUST10718,40.0,,2.1,41.48,6,6.5,1.0,7,12.6,Ibadan,Professional,Cash
CUST10719,34.0,81250.07,19.3,97.41,9,9.3,3.0,0,17.2,Kano,Professional,USSD
CUST10720,37.0,43285.41,24.7,98.86,7,7.7,0.0,3,14.7,Abuja,Business,USSD
CUST10721,,,29.7,67.49,5,5.3,3.0,4,16.2,Ibadan,Family,Card
CUST10722,18.0,47683.36,35.0,98.41,8,6.7,0.0,4,7.3,Abuja,Professional,Bank Transfer
CUST10723,22.0,82572.69,8.8,117.69,4,4.3,1.0,4,13.2,Lagos,Professional,Bank Transfer
CUST10724,47.0,77152.6,1.0,29.66,4,2.9,2.0,8,11.6,Lagos,Student,Bank Transfer
CUST10725,40.0,32879.25,38.6,100.65,4,5.3,,4,7.7,Lagos,Family,Card
CUST10726,36.0,99945.33,23.0,24.51,12,7.2,0.0,2,17.6,Lagos,Family,Card
CUST10727,38.0,40958.25,54.3,65.2,6,7.2,0.0,1,0.0,Lagos,Family,USSD
CUST10728,42.0,85778.21,51.7,129.86,9,4.5,1.0,2,20.1,Lagos,Student,Bank Transfer
CUST10729,32.0,67312.18,55.6,74.9,8,2.7,2.0,0,0.0,Ibadan,Family,Cash
CUST10730,29.0,151159.29,19.9,57.25,4,9.6,1.0,4,11.1,Ibadan,Family,Card
CUST10731,40.0,48639.06,12.2,81.03,10,7.2,1.0,3,17.6,Port Harcourt,Business,Cash
CUST10732,26.0,45386.24,47.0,140.46,13,9.8,0.0,1,4.9,Ibadan,Family,Bank Transfer
CUST10733,43.0,54415.68,18.0,40.65,7,9.7,0.0,3,14.5,Lagos,Professional,Bank Transfer
CUST10734,18.0,46552.67,6.1,59.2,6,8.3,2.0,6,13.9,Ibadan,Professional,Card
CUST10735,50.0,85396.17,57.9,127.07,11,7.1,2.0,4,14.0,Abuja,Student,Card
CUST10736,44.0,22609.32,64.3,,6,6.3,4.0,1,9.9,Lagos,Family,USSD
CUST10737,41.0,30809.03,18.8,83.92,8,8.3,0.0,1,9.2,Lagos,Family,Cash
CUST10738,50.0,30570.69,2.4,54.21,6,6.7,5.0,3,2.6,Lagos,Professional,USSD
CUST10739,58.0,92758.78,14.7,138.57,13,5.9,3.0,3,11.4,Lagos,Student,USSD
CUST10740,50.0,140916.93,48.8,128.77,7,3.2,2.0,7,17.5,Lagos,Student,Cash
CUST10741,18.0,51929.45,69.6,107.54,5,6.9,3.0,5,9.3,Lagos,Business,Bank Transfer
CUST10742,23.0,50123.06,6.8,65.24,8,9.0,1.0,7,9.6,Lagos,Professional,Cash
CUST10743,31.0,,2.1,83.94,5,9.3,1.0,3,21.5,Lagos,Professional,Bank Transfer
CUST10744,38.0,104205.64,63.0,86.03,12,7.1,2.0,2,11.0,Ibadan,Professional,USSD
CUST10745,44.0,33025.8,14.8,94.46,11,5.4,3.0,4,14.1,Lagos,Professional,Bank Transfer
CUST10746,29.0,62704.68,23.4,123.15,11,8.6,1.0,2,15.2,Lagos,Family,Bank Transfer
CUST10747,40.0,94037.33,103.3,115.25,8,7.0,2.0,6,11.0,Port Harcourt,Business,Bank Transfer
CUST10748,29.0,72452.78,2.1,58.23,5,6.3,2.0,3,16.1,Ibadan,Professional,Cash
CUST10749,31.0,61044.5,31.4,121.92,9,4.4,1.0,1,17.9,Abuja,Family,Bank Transfer
CUST10750,21.0,95383.78,2.3,93.01,12,10.0,3.0,2,17.4,Ibadan,Professional,Cash
CUST10751,27.0,12435.5,14.1,103.31,14,8.3,3.0,6,18.1,Abuja,Business,Card
CUST10752,22.0,79851.18,48.9,125.57,4,8.5,3.0,4,0.0,Lagos,Professional,Card
CUST10753,26.0,38382.11,17.0,58.57,6,5.4,5.0,3,5.0,Abuja,Student,USSD
CUST10754,51.0,20095.28,120.0,93.7,11,7.1,2.0,4,8.9,Port Harcourt,Professional,USSD
CUST10755,27.0,72856.71,24.6,73.68,9,6.9,0.0,3,7.2,Abuja,Student,Cash
CUST10756,70.0,117078.59,11.6,46.73,10,8.4,2.0,4,7.7,Port Harcourt,Student,Bank Transfer
CUST10757,44.0,50995.45,7.5,94.26,5,9.4,1.0,2,17.3,Lagos,Family,Bank Transfer
CUST10758,40.0,92889.83,12.9,148.82,4,4.4,0.0,7,12.6,Kano,Family,Card
CUST10759,28.0,133497.96,14.0,40.12,5,,2.0,3,11.2,Abuja,Professional,Cash
CUST10760,46.0,113356.32,2.1,84.36,8,8.2,2.0,4,10.6,Abuja,Family,Bank Transfer
CUST10761,31.0,135546.35,13.8,102.12,12,6.1,2.0,6,9.6,Port Harcourt,Family,Bank Transfer
CUST10762,,82723.47,18.7,89.57,6,8.5,3.0,4,10.5,Port Harcourt,Family,Cash
CUST10763,69.0,57329.86,38.5,85.25,16,6.3,0.0,2,20.3,Lagos,Family,USSD
CUST10764,37.0,22788.41,32.1,55.09,5,4.8,3.0,6,1.4,Ibadan,Family,Cash
CUST10765,52.0,48038.31,37.0,93.78,7,3.8,0.0,2,19.6,Kano,Professional,Cash
CUST10766,30.0,34589.41,1.0,66.16,10,,1.0,3,25.8,Lagos,Professional,Bank Transfer
CUST10767,38.0,181517.43,7.4,30.84,7,7.9,3.0,2,19.6,Ibadan,Professional,Card
CUST10768,59.0,49928.7,32.5,117.47,10,8.7,0.0,4,6.1,Port Harcourt,Professional,Bank Transfer
CUST10769,30.0,58856.12,19.8,110.55,6,7.6,1.0,6,9.1,Abuja,Family,Bank Transfer
CUST10770,60.0,74488.9,1.0,86.37,8,1.0,0.0,2,18.2,Lagos,Professional,Bank Transfer
CUST10771,46.0,56334.92,49.0,94.64,10,7.9,0.0,2,10.5,Port Harcourt,Student,Cash
CUST10772,31.0,139715.93,44.5,115.41,5,4.4,1.0,6,9.0,Lagos,Professional,Cash
CUST10773,46.0,,23.9,92.52,6,3.6,3.0,2,11.4,Abuja,Professional,Bank Transfer
CUST10774,50.0,61213.47,2.1,107.77,10,3.4,1.0,1,5.3,Abuja,Family,Bank Transfer
CUST10775,45.0,36560.72,43.6,81.05,3,3.3,1.0,6,11.2,Kano,Professional,Card
CUST10776,19.0,26610.9,26.3,119.9,1,7.5,4.0,4,4.8,Lagos,Family,USSD
CUST10777,29.0,39285.68,45.7,96.68,5,5.7,2.0,4,16.3,Ibadan,Professional,Bank Transfer
CUST10778,35.0,53890.97,41.8,93.2,14,4.3,1.0,2,6.9,Abuja,Business,Cash
CUST10779,37.0,43432.89,48.7,57.15,8,7.0,1.0,1,12.3,Abuja,Business,USSD
CUST10780,45.0,37581.11,21.9,93.93,7,5.0,0.0,4,9.3,Kano,Family,USSD
CUST10781,40.0,25377.39,4.5,64.56,7,8.8,3.0,5,14.3,Port Harcourt,Business,Card
CUST10782,,52542.64,33.4,71.71,11,9.6,1.0,5,16.9,Lagos,Professional,USSD
CUST10783,43.0,24040.43,29.1,66.94,8,6.6,4.0,2,13.7,Abuja,Business,Bank Transfer
CUST10784,45.0,83543.21,40.7,61.6,2,9.5,2.0,2,7.8,Lagos,Business,Bank Transfer
CUST10785,45.0,57551.2,5.6,138.57,14,9.5,2.0,3,8.6,Port Harcourt,Business,Cash
CUST10786,51.0,24672.27,6.5,118.8,9,7.2,3.0,7,26.2,Abuja,Family,Bank Transfer
CUST10787,48.0,46398.55,66.3,138.32,5,10.0,1.0,3,17.7,Kano,Family,Bank Transfer
CUST10788,44.0,36366.47,41.6,57.75,11,5.9,3.0,5,10.8,Port Harcourt,Family,Card
CUST10789,37.0,65554.32,71.7,92.51,7,3.5,0.0,4,8.6,Lagos,Professional,USSD
CUST10790,18.0,114959.62,42.7,56.07,6,4.2,,2,3.4,Lagos,Professional,Card
CUST10791,43.0,19608.99,27.3,69.79,9,5.8,3.0,0,18.8,Lagos,Business,USSD
CUST10792,40.0,58591.96,31.9,64.59,9,8.0,0.0,4,7.7,Abuja,Student,Card
CUST10793,41.0,50363.17,66.0,121.27,7,,1.0,0,18.3,Abuja,Family,Cash
CUST10794,23.0,79564.68,25.9,77.17,5,5.8,1.0,1,17.0,Abuja,Professional,Card
CUST10795,25.0,61842.53,30.0,114.11,6,4.8,1.0,1,20.1,Kano,Professional,Card
CUST10796,,36370.21,5.1,100.51,7,5.8,2.0,6,16.6,Lagos,Business,Cash
CUST10797,,46148.0,19.3,144.13,13,9.4,0.0,2,10.7,Ibadan,Business,Bank Transfer
CUST10798,46.0,35499.51,37.8,51.04,7,7.6,1.0,7,12.1,Abuja,Family,Bank Transfer
CUST10799,38.0,99398.51,9.5,117.24,8,6.0,2.0,4,12.1,Lagos,Professional,Cash
CUST10800,38.0,55648.47,6.8,114.2,2,9.2,1.0,6,10.4,Port Harcourt,Professional,Cash
CUST10801,49.0,156489.37,11.3,61.57,8,7.0,5.0,5,2.3,Kano,Professional,Card
CUST10802,32.0,53195.28,8.3,110.84,4,7.2,4.0,1,0.0,Abuja,Professional,Cash
CUST10803,39.0,37252.14,7.3,93.98,10,9.1,2.0,4,16.6,Kano,Student,Cash
CUST10804,32.0,23921.8,16.6,80.64,11,6.4,1.0,3,10.9,Ibadan,Family,USSD
CUST10805,33.0,20401.46,71.5,,7,8.6,3.0,5,17.8,Kano,Professional,USSD
CUST10806,34.0,23012.98,21.2,68.72,11,8.5,2.0,1,9.7,Lagos,Family,Bank Transfer
CUST10807,41.0,63704.35,6.2,136.74,10,6.7,2.0,3,12.0,Ibadan,Professional,Cash
CUST10808,,72757.5,2.4,85.21,11,4.5,2.0,5,17.6,Kano,Professional,Card
CUST10809,53.0,23050.29,35.7,107.41,12,7.0,6.0,3,21.3,Port Harcourt,Student,Bank Transfer
CUST10810,27.0,89981.51,14.5,66.39,7,9.0,1.0,0,10.1,Kano,Business,Bank Transfer
CUST10811,36.0,42167.49,51.8,69.64,7,8.5,0.0,2,6.0,Ibadan,Professional,Bank Transfer
CUST10812,,59624.67,32.3,114.64,8,10.0,0.0,2,19.3,Abuja,Student,Cash
CUST10813,55.0,133493.73,47.7,55.08,10,6.1,0.0,3,10.3,Lagos,Family,Cash
CUST10814,40.0,90070.69,9.5,75.38,11,8.4,2.0,4,9.1,Abuja,Business,Card
CUST10815,50.0,47448.33,35.4,88.68,10,5.2,4.0,4,9.6,Lagos,Family,Card
CUST10816,20.0,33689.21,9.2,88.52,9,7.4,1.0,3,7.7,Lagos,Family,Bank Transfer
CUST10817,41.0,16841.31,83.9,87.24,3,9.0,0.0,0,16.6,Port Harcourt,Student,Cash
CUST10818,49.0,37032.61,30.3,,7,8.6,2.0,2,4.0,Lagos,Family,Card
CUST10819,39.0,,11.8,103.26,3,7.2,0.0,2,12.6,Port Harcourt,Family,USSD
CUST10820,51.0,31956.78,9.4,104.12,10,6.5,0.0,9,13.5,Ibadan,Family,USSD
CUST10821,32.0,51169.41,6.4,60.86,7,5.2,2.0,3,8.4,Abuja,Business,Bank Transfer
CUST10822,55.0,57374.6,35.6,80.74,6,6.6,0.0,5,21.5,Ibadan,Professional,USSD
CUST10823,66.0,48601.89,7.4,115.46,11,4.6,1.0,3,17.4,Lagos,Professional,Bank Transfer
CUST10824,34.0,38468.19,27.1,109.54,7,6.4,1.0,4,9.3,Ibadan,Business,Cash
CUST10825,33.0,60345.91,9.2,51.42,12,3.7,,2,11.4,Ibadan,Family,Bank Transfer
CUST10826,55.0,70133.5,32.5,96.39,4,4.6,1.0,0,17.4,Abuja,Student,Bank Transfer
CUST10827,57.0,30193.11,50.6,,8,8.5,2.0,1,12.5,Lagos,Professional,Cash
CUST10828,32.0,119503.54,45.2,89.79,8,8.3,3.0,0,20.4,Lagos,Business,Card
CUST10829,,52097.12,42.9,135.88,4,6.5,1.0,2,15.4,Kano,Student,Card
CUST10830,35.0,55573.17,6.2,61.8,11,7.1,2.0,5,13.5,Ibadan,Student,Card
CUST10831,22.0,,2.8,64.36,7,7.4,2.0,3,13.5,Abuja,Professional,Card
CUST10832,27.0,62527.22,36.0,106.98,8,7.8,0.0,3,30.9,Port Harcourt,Business,Bank Transfer
CUST10833,26.0,92903.22,13.8,47.53,11,7.6,4.0,2,5.9,Lagos,Business,Card
CUST10834,29.0,64408.88,17.0,70.54,3,4.6,3.0,1,5.4,Abuja,Professional,USSD
CUST10835,38.0,39271.25,1.0,,10,2.6,3.0,3,10.6,Ibadan,Family,USSD
CUST10836,41.0,67098.39,9.0,69.86,11,5.2,2.0,2,20.4,Lagos,Professional,Card
CUST10837,57.0,29320.41,1.0,79.18,3,6.7,3.0,2,0.0,Ibadan,Professional,USSD
CUST10838,26.0,58383.95,63.4,108.68,10,8.7,1.0,3,0.6,Ibadan,Business,USSD
CUST10839,50.0,54003.92,8.4,384.83,9,7.4,1.0,1,9.6,Ibadan,Student,Cash
CUST10840,35.0,49051.41,24.4,93.63,8,8.0,1.0,0,24.7,Lagos,Professional,Cash
CUST10841,37.0,51246.0,1.2,76.62,9,5.4,3.0,3,12.2,Lagos,Family,Card
CUST10842,46.0,19537.12,33.0,96.89,7,6.9,2.0,3,5.0,Lagos,Student,Bank Transfer
CUST10843,25.0,40671.78,11.7,82.84,6,7.1,2.0,5,16.9,Kano,Professional,Bank Transfer
CUST10844,43.0,57881.5,68.5,101.92,10,5.6,4.0,2,22.0,Port Harcourt,Family,Cash
CUST10845,,60054.6,65.7,77.83,12,5.1,3.0,3,8.2,Lagos,Family,Cash
CUST10846,44.0,31252.89,11.8,81.38,8,6.6,1.0,3,14.7,Kano,Professional,Bank Transfer
CUST10847,41.0,110329.63,69.4,65.8,9,8.2,1.0,2,12.9,Lagos,Professional,Card
CUST10848,67.0,34155.96,120.0,93.72,11,5.4,2.0,6,15.4,Lagos,Family,Bank Transfer
CUST10849,30.0,93740.9,52.4,68.91,9,6.6,1.0,5,9.2,Abuja,Business,Bank Transfer
CUST10850,32.0,69566.98,55.9,61.62,6,9.4,1.0,3,15.8,Lagos,Professional,USSD
CUST10851,31.0,38548.15,8.6,92.15,8,6.1,1.0,1,17.0,Lagos,Business,Bank Transfer
CUST10852,,146021.54,25.8,92.38,6,7.0,0.0,3,16.3,Abuja,Family,Cash
CUST10853,30.0,28526.48,2.1,104.74,9,6.8,1.0,4,2.3,Ibadan,Business,Card
CUST10854,52.0,91182.95,3.0,74.46,7,6.7,2.0,2,3.4,Kano,Student,Bank Transfer
CUST10855,55.0,95359.45,120.0,104.8,7,10.0,2.0,2,7.9,Abuja,Professional,USSD
CUST10856,31.0,38034.44,11.9,,6,7.6,,3,13.6,Kano,Student,Cash
CUST10857,28.0,118295.9,41.4,99.43,9,4.2,1.0,2,15.4,Port Harcourt,Professional,Cash
CUST10858,,47933.16,49.3,68.3,13,9.8,4.0,1,5.7,Abuja,Business,USSD
CUST10859,31.0,64464.5,58.6,93.42,5,7.5,2.0,1,13.9,Kano,Student,Cash
CUST10860,46.0,63466.37,120.0,103.7,2,6.3,1.0,3,17.7,Port Harcourt,Family,USSD
CUST10861,40.0,51083.59,8.3,85.84,5,9.4,0.0,3,16.0,Port Harcourt,Student,Cash
CUST10862,20.0,85908.07,1.2,32.94,6,5.6,1.0,3,9.2,Port Harcourt,Family,Cash
CUST10863,57.0,85093.61,15.9,90.28,9,10.0,0.0,0,9.8,Port Harcourt,Professional,Cash
CUST10864,,21023.49,4.2,140.65,11,7.2,1.0,4,4.2,Abuja,Student,Cash
CUST10865,31.0,112698.97,1.0,76.08,9,8.8,1.0,3,22.4,Ibadan,Professional,USSD
CUST10866,33.0,,13.4,67.87,5,10.0,,5,14.8,Lagos,Family,Bank Transfer
CUST10867,41.0,97050.71,45.9,98.01,10,7.3,2.0,8,2.3,Ibadan,Student,Cash
CUST10868,42.0,102209.13,25.1,94.81,5,6.8,2.0,3,19.4,Abuja,Professional,USSD
CUST10869,46.0,30183.69,11.3,115.72,14,5.1,0.0,2,16.0,Lagos,Student,USSD
CUST10870,62.0,,31.9,56.1,5,6.8,1.0,5,19.2,Port Harcourt,Business,USSD
CUST10871,36.0,,7.9,103.92,8,5.1,2.0,3,8.6,Abuja,Family,Bank Transfer
CUST10872,28.0,48868.19,1.0,99.84,6,6.7,1.0,0,9.5,Kano,Family,Card
CUST10873,21.0,46428.54,43.4,84.92,13,,1.0,4,7.1,Abuja,Family,USSD
CUST10874,29.0,84448.89,29.3,95.81,8,7.2,1.0,1,24.7,Port Harcourt,Student,USSD
CUST10875,38.0,113069.54,43.1,114.18,6,6.0,1.0,1,9.0,Lagos,Family,USSD
CUST10876,60.0,118505.49,1.2,106.9,7,6.6,1.0,2,6.3,Lagos,Student,Bank Transfer
CUST10877,32.0,40372.17,54.4,60.78,5,,1.0,1,8.1,Abuja,Professional,Cash
CUST10878,41.0,49021.61,29.0,107.82,11,8.9,0.0,3,10.0,Port Harcourt,Family,Bank Transfer
CUST10879,38.0,21789.8,24.9,85.37,11,6.8,3.0,5,21.3,Port Harcourt,Family,USSD
CUST10880,52.0,35307.83,29.4,89.17,9,9.9,2.0,4,13.7,Port Harcourt,Student,Card
CUST10881,68.0,,59.9,91.63,5,6.4,2.0,3,19.4,Ibadan,Student,USSD
CUST10882,32.0,133740.82,26.5,83.37,11,6.5,3.0,3,13.7,Port Harcourt,Family,Cash
CUST10883,32.0,27894.83,26.1,116.88,6,5.4,,4,10.9,Ibadan,Family,Card
CUST10884,51.0,39705.03,120.0,92.51,10,6.3,1.0,3,5.7,Lagos,Student,Card
CUST10885,46.0,54207.0,42.4,60.4,4,3.9,,3,21.6,Lagos,Student,Bank Transfer
CUST10886,60.0,64162.69,17.5,76.56,7,3.2,1.0,2,17.9,Lagos,Business,Bank Transfer
CUST10887,45.0,35235.4,36.9,92.42,11,8.1,5.0,3,18.5,Lagos,Family,Cash
CUST10888,34.0,69447.2,14.8,116.91,10,3.9,0.0,4,17.6,Port Harcourt,Business,Bank Transfer
CUST10889,45.0,42381.91,7.8,100.7,7,7.7,1.0,2,7.7,Abuja,Professional,Cash
CUST10890,51.0,54564.55,27.3,65.92,10,6.1,1.0,8,13.6,Port Harcourt,Professional,Card
CUST10891,48.0,74276.12,79.0,153.45,8,8.7,,2,18.5,Kano,Professional,Card
CUST10892,44.0,55194.62,79.4,97.97,3,3.9,2.0,1,17.7,Ibadan,Family,Card
CUST10893,51.0,43264.0,12.6,117.89,7,8.1,1.0,8,12.9,Ibadan,Student,Cash
CUST10894,,51782.27,22.5,83.01,6,7.6,1.0,2,23.8,Lagos,Student,Bank Transfer
CUST10895,55.0,52390.93,7.1,98.9,8,7.7,3.0,3,15.2,Abuja,Student,Bank Transfer
CUST10896,46.0,44872.59,120.0,115.59,9,9.0,1.0,1,19.9,Lagos,Family,Bank Transfer
CUST10897,36.0,47703.05,119.1,124.98,10,7.1,5.0,3,13.2,Lagos,Professional,USSD
CUST10898,,132500.86,31.5,113.95,12,2.6,1.0,6,9.8,Port Harcourt,Family,Card
CUST10899,52.0,74876.41,49.0,110.72,10,7.8,3.0,3,17.8,Port Harcourt,Business,Card
CUST10900,28.0,46750.22,37.7,80.14,7,7.6,3.0,2,16.4,Lagos,Family,USSD
CUST10901,42.0,80693.51,27.0,72.86,7,6.6,1.0,2,14.1,Kano,Professional,Card
CUST10902,33.0,45774.74,1.6,93.45,13,5.5,1.0,2,6.9,Kano,Business,Card
CUST10903,38.0,104852.2,18.2,,8,6.4,1.0,4,18.1,Lagos,Professional,USSD
CUST10904,53.0,,33.7,82.13,13,9.6,1.0,3,7.2,Abuja,Student,Card
CUST10905,40.0,,34.0,114.35,5,5.3,2.0,1,16.7,Ibadan,Business,Bank Transfer
CUST10906,39.0,70356.66,14.0,122.44,7,3.9,3.0,5,5.4,Port Harcourt,Student,USSD
CUST10907,22.0,23181.42,85.3,68.91,9,4.4,2.0,2,6.9,Abuja,Family,Card
CUST10908,47.0,29595.17,5.5,64.52,3,6.9,0.0,3,13.8,Lagos,Professional,Bank Transfer
CUST10909,46.0,28521.96,20.8,83.16,11,10.0,0.0,3,15.5,Lagos,Professional,Cash
CUST10910,64.0,59498.55,35.2,95.51,5,10.0,0.0,5,13.3,Lagos,Family,Card
CUST10911,,142624.66,35.8,74.75,6,8.2,4.0,4,8.8,Kano,Professional,USSD
CUST10912,41.0,187644.32,31.4,121.32,8,5.2,0.0,6,18.7,Lagos,Family,Bank Transfer
CUST10913,41.0,78121.19,9.7,96.37,4,5.4,0.0,4,12.8,Lagos,Family,Cash
CUST10914,57.0,72442.83,5.1,86.39,5,8.6,1.0,1,13.2,Lagos,Professional,Cash
CUST10915,37.0,20424.83,30.3,51.53,15,9.4,3.0,4,11.1,Kano,Professional,Card
CUST10916,41.0,40807.37,27.4,54.3,4,5.8,2.0,2,7.7,Lagos,Professional,Cash
CUST10917,45.0,35660.8,5.9,92.5,5,9.6,1.0,2,18.8,Lagos,Business,USSD
CUST10918,,39090.01,36.6,34.62,14,6.6,0.0,5,8.1,Port Harcourt,Family,Cash
CUST10919,33.0,50141.75,18.2,111.77,5,8.3,1.0,2,22.2,Abuja,Business,Card
CUST10920,40.0,42422.69,33.1,,12,9.1,2.0,2,7.1,Lagos,Student,Cash
CUST10921,51.0,18517.54,54.5,170.44,13,4.3,1.0,1,13.9,Lagos,Student,Card
CUST10922,26.0,,5.6,,5,7.8,1.0,4,12.4,Kano,Student,Cash
CUST10923,40.0,30487.74,1.0,80.54,6,,2.0,2,11.3,Ibadan,Student,Bank Transfer
CUST10924,30.0,62734.97,45.3,85.97,8,6.0,1.0,4,16.1,Abuja,Family,Card
CUST10925,52.0,172100.51,28.2,112.15,8,5.1,1.0,0,16.7,Lagos,Business,USSD
CUST10926,20.0,33170.86,36.1,130.47,6,7.9,0.0,3,15.2,Lagos,Professional,USSD
CUST10927,31.0,13676.45,54.6,48.42,3,7.2,2.0,6,5.6,Kano,Business,Cash
CUST10928,43.0,46994.51,48.7,44.24,10,6.4,0.0,3,5.0,Port Harcourt,Student,Bank Transfer
CUST10929,57.0,100772.04,97.3,77.23,6,,3.0,1,4.6,Kano,Business,Cash
CUST10930,37.0,161486.94,23.0,101.41,7,4.0,1.0,4,10.5,Port Harcourt,Professional,Cash
CUST10931,31.0,27968.56,20.1,99.03,4,7.7,1.0,0,24.7,Ibadan,Business,Bank Transfer
CUST10932,61.0,72277.85,15.4,112.98,7,9.9,2.0,2,11.7,Ibadan,Student,Card
CUST10933,21.0,42581.18,5.0,55.41,10,5.7,,4,24.6,Kano,Business,USSD
CUST10934,18.0,415093.22,25.5,29.14,4,5.5,3.0,1,11.8,Abuja,Professional,Bank Transfer
CUST10935,43.0,235502.62,9.7,107.23,10,7.3,2.0,3,13.0,Lagos,Professional,Cash
CUST10936,32.0,24063.58,76.3,70.4,7,10.0,4.0,5,15.6,Abuja,Professional,Card
CUST10937,26.0,63237.03,26.3,36.64,11,9.0,1.0,2,10.3,Abuja,Professional,Cash
CUST10938,47.0,71133.93,27.0,90.78,9,6.8,1.0,1,13.4,Port Harcourt,Family,Card
CUST10939,41.0,99934.57,13.2,105.88,7,7.1,2.0,5,1.8,Lagos,Business,USSD
CUST10940,31.0,58045.31,1.6,82.08,9,9.2,,1,6.7,Port Harcourt,Family,USSD
CUST10941,23.0,65154.47,1.0,73.63,6,5.4,1.0,2,1.9,Abuja,Family,Card
CUST10942,48.0,44341.74,16.5,82.34,8,8.1,2.0,2,16.4,Port Harcourt,Student,USSD
CUST10943,46.0,63774.47,2.7,75.95,6,5.0,1.0,2,3.8,Lagos,Family,Cash
CUST10944,37.0,45539.38,28.0,53.54,8,8.7,1.0,2,20.5,Abuja,Professional,Card
CUST10945,60.0,77416.33,63.9,72.24,10,6.5,1.0,1,14.1,Lagos,Business,Cash
CUST10946,25.0,44882.48,64.3,103.18,9,7.4,4.0,2,17.8,Ibadan,Professional,Card
CUST10947,20.0,67676.46,32.3,95.62,7,6.4,3.0,3,8.1,Abuja,Family,Cash
CUST10948,30.0,54121.89,7.1,89.77,13,8.3,2.0,3,5.3,Lagos,Professional,USSD
CUST10949,37.0,102172.32,59.6,64.89,9,6.7,,0,9.9,Lagos,Professional,Bank Transfer
CUST10950,41.0,53467.11,65.2,85.68,10,10.0,,5,18.4,Port Harcourt,Professional,Cash
CUST10951,35.0,20742.1,6.6,31.1,7,9.6,3.0,7,24.7,Lagos,Professional,Card
CUST10952,42.0,110100.11,40.1,92.67,9,4.7,3.0,3,15.1,Ibadan,Professional,USSD
CUST10953,,33420.87,10.1,121.53,7,7.3,3.0,1,4.1,Port Harcourt,Student,Card
CUST10954,55.0,38388.64,48.7,52.04,9,8.3,4.0,3,6.2,Lagos,Business,Cash
CUST10955,37.0,39635.27,120.0,79.95,10,6.2,1.0,1,3.1,Port Harcourt,Student,Card
CUST10956,51.0,117128.79,1.0,93.31,6,9.2,3.0,3,11.2,Lagos,Business,Card
CUST10957,42.0,,68.3,121.78,6,9.0,1.0,3,10.3,Ibadan,Student,Cash
CUST10958,43.0,308923.87,29.2,76.13,1,6.8,4.0,1,11.2,Lagos,Student,USSD
CUST10959,45.0,98313.8,108.8,76.4,10,8.8,0.0,5,5.6,Ibadan,Family,USSD
CUST10960,43.0,62185.05,18.8,37.28,5,2.7,4.0,4,5.0,Port Harcourt,Professional,Cash
CUST10961,46.0,53364.27,56.4,92.1,13,9.4,4.0,0,12.6,Ibadan,Professional,USSD
CUST10962,54.0,,1.9,136.21,13,8.6,2.0,3,14.9,Lagos,Family,Bank Transfer
CUST10963,40.0,73255.29,12.3,92.91,11,5.0,0.0,1,4.9,Abuja,Professional,Card
CUST10964,47.0,78429.63,2.1,84.61,9,,0.0,11,14.8,Kano,Family,Cash
CUST10965,37.0,74657.85,111.1,101.94,7,3.4,2.0,0,17.7,Port Harcourt,Professional,Bank Transfer
CUST10966,55.0,57777.68,50.9,88.8,6,5.6,0.0,4,0.0,Lagos,Professional,Card
CUST10967,30.0,49343.06,57.4,69.27,9,9.0,2.0,3,21.5,Abuja,Business,Cash
CUST10968,60.0,50609.17,83.4,449.02,8,7.0,2.0,3,16.2,Lagos,Family,USSD
CUST10969,38.0,49409.05,2.7,90.86,6,6.9,1.0,0,17.7,Port Harcourt,Professional,Cash
CUST10970,,102607.06,14.6,86.61,10,7.1,1.0,1,5.9,Abuja,Business,Cash
CUST10971,40.0,76232.61,2.2,60.79,9,6.9,0.0,4,16.7,Lagos,Business,Card
CUST10972,30.0,10914.8,7.1,118.16,7,8.8,2.0,7,17.4,Lagos,Family,Card
CUST10973,48.0,78891.9,7.8,102.24,10,5.9,0.0,1,8.1,Abuja,Professional,Card
CUST10974,30.0,61217.81,19.0,72.7,8,7.8,2.0,0,16.7,Lagos,Business,Bank Transfer
CUST10975,33.0,,9.4,110.8,6,4.9,1.0,2,11.2,Ibadan,Professional,USSD
CUST10976,18.0,44418.14,3.2,72.82,7,8.3,1.0,4,8.3,Lagos,Student,Cash
CUST10977,,,5.5,65.89,10,6.4,1.0,2,10.8,Ibadan,Professional,Cash
CUST10978,18.0,92617.0,4.8,66.39,5,6.9,1.0,3,13.0,Abuja,Family,USSD
CUST10979,19.0,35954.36,108.4,49.4,9,6.3,1.0,3,10.2,Abuja,Business,Cash
CUST10980,47.0,68800.56,42.7,100.21,5,6.6,2.0,1,7.2,Lagos,Family,Card
CUST10981,47.0,32230.78,103.0,47.46,8,5.2,2.0,3,14.4,Port Harcourt,Business,Cash
CUST10982,,25752.8,17.4,55.68,4,7.6,2.0,2,15.4,Port Harcourt,Student,USSD
CUST10983,26.0,38964.02,9.8,33.89,7,8.0,0.0,4,12.9,Abuja,Student,Bank Transfer
CUST10984,37.0,88380.34,48.0,86.69,5,4.6,4.0,4,2.3,Lagos,Family,Bank Transfer
CUST10985,38.0,92902.63,11.8,82.19,16,5.9,3.0,2,8.5,Ibadan,Business,USSD
CUST10986,24.0,72932.19,10.7,77.69,2,7.1,2.0,1,6.9,Ibadan,Professional,Cash
CUST10987,56.0,81952.18,7.9,59.57,8,,,3,22.4,Abuja,Student,Cash
CUST10988,49.0,73056.36,4.2,56.03,9,6.6,0.0,2,12.7,Port Harcourt,Professional,Bank Transfer
CUST10989,35.0,38648.9,8.9,97.32,11,9.9,0.0,5,10.3,Abuja,Professional,Cash
CUST10990,38.0,69748.13,13.2,72.29,8,5.2,2.0,3,8.6,Abuja,Professional,Bank Transfer
CUST10991,41.0,,33.6,95.6,6,2.8,1.0,3,11.3,Lagos,Student,USSD
CUST10992,18.0,666230.0,1.9,63.02,11,5.9,0.0,7,16.5,Abuja,Business,USSD
CUST10993,35.0,105766.68,7.1,90.09,7,6.4,2.0,4,1.0,Kano,Professional,Cash
CUST10994,30.0,81198.79,49.7,121.56,10,6.1,3.0,2,13.4,Lagos,Family,Card
CUST10995,26.0,66728.34,4.8,100.04,10,7.5,1.0,4,9.0,Port Harcourt,Student,Card
CUST10996,35.0,99078.83,12.6,75.7,8,5.1,1.0,3,14.6,Ibadan,Student,Bank Transfer
CUST10997,60.0,54203.55,60.0,,7,4.9,1.0,3,16.8,Lagos,Family,USSD
CUST10998,46.0,33862.29,5.0,79.39,3,5.8,1.0,6,7.8,Lagos,Business,Bank Transfer
CUST10999,31.0,50281.96,2.6,85.4,13,5.8,2.0,2,3.8,Kano,Professional,USSD
CUST11000,45.0,36511.85,19.9,78.45,7,10.0,3.0,0,10.2,Lagos,Business,Bank Transfer
CUST10026,39.0,69917.17,19.4,107.68,11,6.7,1.0,2,12.6,Port Harcourt,Professional,USSD
CUST10121,47.0,808203.59,40.3,83.83,6,6.3,1.0,1,23.0,Ibadan,Family,Cash
CUST10501,49.0,84388.55,15.2,128.13,8,7.5,3.0,1,17.5,Ibadan,Business,Card
